datetime,Close,Open,High,Low,Volume,Change
2026/2/13,21.98,22.5,22.89,21.93,280.19M,-5.09%
2026/2/12,23.16,23.2,23.64,23.03,219.34M,-0.22%
2026/2/11,23.21,22.5,23.55,22.48,247.40M,2.93%
2026/2/10,22.55,22.49,23,22.33,169.33M,0.58%
2026/2/9,22.42,22.46,22.5,22,189.99M,1.96%
2026/2/6,21.99,21,22.37,20.86,278.52M,-0.81%
2026/2/5,22.17,23.04,23.38,21.62,330.63M,-6.34%
2026/2/4,23.67,24.05,24.05,23.27,246.99M,2.33%
2026/2/3,23.13,22.78,23.33,22.15,407.56M,4.71%
2026/2/2,22.09,21.9,23.7,21.9,535.62M,-9.21%
2026/1/30,24.33,25.7,25.98,24.33,497.70M,-9.99%
2026/1/29,27.03,27.57,28.78,25.4,650.04M,0.56%
2026/1/28,26.88,24.88,26.89,24.37,499.43M,9.80%
2026/1/27,24.48,24.42,25.8,23.8,454.56M,-0.73%
2026/1/26,24.66,23.66,24.94,23.5,473.16M,8.35%
2026/1/23,22.76,22.99,23.04,22.51,250.44M,0.26%
2026/1/22,22.7,23.18,23.18,22.53,219.22M,-2.28%
2026/1/21,23.23,22.88,23.27,22.55,220.75M,0.69%
2026/1/20,23.07,23.33,23.6,22.28,310.07M,-1.03%
2026/1/19,23.31,24.27,24.37,22.86,327.02M,-3.88%
2026/1/16,24.25,24.17,25.09,24.15,330.42M,0.83%
2026/1/15,24.05,23.3,24.55,23.2,305.59M,3.22%
2026/1/14,23.3,22.85,23.94,22.85,281.46M,2.19%
2026/1/13,22.8,22.63,23.26,22.36,239.92M,0.48%
2026/1/12,22.69,23.2,23.33,22.3,299.67M,-0.40%
2026/1/9,22.78,21.45,22.89,21.35,258.31M,5.07%
2026/1/8,21.68,21.55,22.4,21.29,215.98M,-1.32%
2026/1/7,21.97,21.9,22.46,21.5,269.37M,1.34%
2026/1/6,21.68,20.79,22.03,20.7,272.23M,6.07%
2026/1/5,20.44,20.2,20.55,19.87,223.05M,2.20%
2025/12/31,20,19.51,20.47,19.38,250.38M,2.46%
2025/12/30,19.52,18.27,19.55,18.21,232.21M,3.39%
2025/12/29,18.88,20.06,20.16,18.78,339.26M,-4.41%
2025/12/26,19.75,19.04,19.99,18.98,258.41M,5.61%
2025/12/25,18.7,18.45,18.75,18.21,138.44M,0.11%
2025/12/24,18.68,18.75,18.84,18.35,163.00M,0.70%
2025/12/23,18.55,18.72,19.11,18.32,212.17M,-0.38%
2025/12/22,18.62,18.5,18.87,18.37,203.57M,1.42%
2025/12/19,18.36,17.95,18.36,17.56,212.38M,2.63%
2025/12/18,17.89,17.9,18.35,17.8,141.94M,-0.61%
2025/12/17,18,17.61,18.23,17.57,190.69M,2.86%
2025/12/16,17.5,18,18.35,17.43,212.92M,-2.40%
2025/12/15,17.93,17.1,18.32,17.1,254.52M,1.99%
2025/12/12,17.58,17.85,17.93,17.39,260.42M,0.69%
2025/12/11,17.46,17.83,18.15,17.38,207.75M,-0.96%
2025/12/10,17.63,17.55,17.79,17.39,157.60M,0.46%
2025/12/9,17.55,18.39,18.39,17.41,269.31M,-6.10%
2025/12/8,18.69,18.43,18.78,17.95,251.21M,1.47%
2025/12/5,18.42,17.88,18.55,17.87,242.49M,2.91%
2025/12/4,17.9,18.4,18.66,17.79,290.21M,1.59%
2025/12/3,17.62,17.15,17.79,17.05,249.16M,2.50%
2025/12/2,17.19,17.19,17.36,16.98,169.32M,-0.58%
2025/12/1,17.29,16.96,17.67,16.9,377.38M,6.53%
2025/11/28,16.23,15.95,16.33,15.79,148.07M,1.76%
2025/11/27,15.95,16.09,16.55,15.92,165.43M,-0.19%
2025/11/26,15.98,16.08,16.23,15.86,153.22M,0.06%
2025/11/25,15.97,15.7,16.13,15.65,195.53M,4.04%
2025/11/24,15.35,15.31,15.54,15.07,162.74M,1.12%
2025/11/21,15.18,15.4,15.58,15.09,162.18M,-3.86%
2025/11/20,15.79,15.96,16.12,15.75,111.35M,-0.57%
2025/11/19,15.88,15.55,16.05,15.5,166.59M,2.06%
2025/11/18,15.56,15.9,15.97,15.33,195.44M,-3.05%
2025/11/17,16.05,16.5,16.65,15.94,229.87M,-4.35%
2025/11/14,16.78,16.61,17.07,16.2,198.51M,-0.36%
2025/11/13,16.84,16.23,17.12,16.19,305.15M,4.73%
2025/11/12,16.08,15.99,16.42,15.81,166.45M,-0.19%
2025/11/11,16.11,16.52,16.63,16,135.42M,-1.53%
2025/11/10,16.36,16.78,16.96,16.2,171.63M,-1.09%
2025/11/7,16.54,16.5,16.78,16.2,162.27M,-0.18%
2025/11/6,16.57,15.9,16.6,15.9,216.00M,4.61%
2025/11/5,15.84,15.3,15.99,15.1,214.44M,0.70%
2025/11/4,15.73,16.15,16.3,15.56,206.56M,-3.91%
2025/11/3,16.37,16.85,17,15.9,273.99M,-3.93%
2025/10/31,17.04,17.59,17.64,16.94,202.92M,-3.18%
2025/10/30,17.6,17.39,18.16,17.24,308.43M,0.28%
2025/10/29,17.55,16.98,17.56,16.93,283.84M,4.78%
2025/10/28,16.75,17.27,17.35,16.66,280.92M,-3.12%
2025/10/27,17.29,17.49,17.82,17,398.64M,3.04%
2025/10/24,16.78,16.24,16.85,16.18,329.22M,5.53%
2025/10/23,15.9,15.51,15.98,15.25,221.67M,2.32%
2025/10/22,15.54,14.85,15.63,14.73,200.83M,0.58%
2025/10/21,15.45,15.25,15.84,15.12,215.73M,2.25%
2025/10/20,15.11,15.04,15.35,14.91,208.90M,0.47%
2025/10/17,15.04,15.73,15.85,15,293.97M,-4.20%
2025/10/16,15.7,16.1,16.17,15.56,243.43M,-3.74%
2025/10/15,16.31,16.25,16.33,15.48,305.39M,1.87%
2025/10/14,16.01,17.8,17.81,15.7,439.36M,-7.13%
2025/10/13,17.24,15.51,17.3,15.51,414.28M,3.11%
2025/10/10,16.72,17.09,18,16.4,452.53M,-3.18%
2025/10/9,17.27,16.37,17.27,16,394.49M,10.00%
2025/9/30,15.7,15.01,15.85,14.74,369.89M,6.51%
2025/9/29,14.74,13.9,14.87,13.72,389.77M,6.81%
2025/9/26,13.8,13.66,14.26,13.63,394.47M,-0.50%
2025/9/25,13.87,13.7,13.88,13.48,647.55M,9.90%
2025/9/24,12.62,12.46,12.7,12.34,148.63M,0.80%
2025/9/23,12.52,12.75,13.02,12.27,198.20M,-1.49%
2025/9/22,12.71,12.98,13.02,12.54,194.83M,1.60%
2025/9/19,12.51,12.38,12.68,12.38,168.59M,1.05%
2025/9/18,12.38,12.6,12.76,12.27,266.42M,-3.28%
2025/9/17,12.8,12.85,12.92,12.65,235.30M,-1.46%
2025/9/16,12.99,13.57,13.63,12.69,308.08M,-2.70%
2025/9/15,13.35,13.43,13.55,13.27,182.20M,-0.52%
2025/9/12,13.42,13.1,13.73,13.01,329.02M,3.23%
2025/9/11,13,12.56,13,12.5,246.50M,3.92%
2025/9/10,12.51,12.35,12.61,12.24,183.06M,-0.56%
2025/9/9,12.58,12.49,12.91,12.41,265.45M,0.24%
2025/9/8,12.55,13,13.1,12.43,289.81M,-2.71%
2025/9/5,12.9,12.3,12.97,12.29,326.93M,3.70%
2025/9/4,12.44,13.6,13.77,12.29,528.56M,-8.86%
2025/9/3,13.65,13.97,14.1,13.2,342.13M,-1.23%
2025/9/2,13.82,13.6,14.1,13.35,434.84M,2.14%
2025/9/1,13.53,12.6,13.57,12.23,369.22M,9.47%
2025/8/29,12.36,11.96,12.55,11.86,255.28M,4.22%
2025/8/28,11.86,11.66,11.87,11.47,230.37M,1.28%
2025/8/27,11.71,12.11,12.16,11.71,239.62M,-2.82%
2025/8/26,12.05,12.01,12.21,11.78,238.85M,-0.25%
2025/8/25,12.08,11.36,12.08,11.3,402.37M,8.73%
2025/8/22,11.11,11.09,11.25,10.97,182.62M,0.45%
2025/8/21,11.06,11.02,11.25,10.97,180.33M,1.00%
2025/8/20,10.95,10.68,11.03,10.67,178.32M,0.92%
2025/8/19,10.85,10.77,11.05,10.77,243.03M,0.74%
2025/8/18,10.77,11.3,11.36,10.75,365.59M,-3.06%
2025/8/15,11.11,10.54,11.3,10.52,298.27M,4.12%
2025/8/14,10.67,10.6,10.9,10.58,270.54M,0.76%
2025/8/13,10.59,9.96,10.64,9.94,290.35M,7.51%
2025/8/12,9.85,9.79,10,9.7,117.88M,0.31%
2025/8/11,9.82,9.88,9.89,9.71,162.42M,0.61%
2025/8/8,9.76,9.5,9.88,9.49,193.59M,2.95%
2025/8/7,9.48,9.55,9.58,9.3,127.54M,-0.32%
2025/8/6,9.51,9.32,9.55,9.32,153.23M,1.39%
2025/8/5,9.38,9.27,9.4,9.16,171.29M,1.30%
2025/8/4,9.26,8.97,9.28,8.96,188.13M,3.12%
2025/8/1,8.98,8.89,9.05,8.85,140.85M,0.45%
2025/7/31,8.94,9.06,9.21,8.87,246.76M,-4.28%
2025/7/30,9.34,9.35,9.51,9.27,213.80M,0.97%
2025/7/29,9.25,9.12,9.25,9.08,145.32M,0.98%
2025/7/28,9.16,9.11,9.2,8.91,188.13M,-0.54%
2025/7/25,9.21,9.24,9.32,9.13,181.89M,-1.07%
2025/7/24,9.31,9,9.4,8.98,318.15M,3.44%
2025/7/23,9,9.1,9.11,8.9,228.62M,-0.66%
2025/7/22,9.06,8.63,9.07,8.59,359.14M,4.98%
2025/7/21,8.63,8.26,8.71,8.26,326.81M,5.12%
2025/7/18,8.21,8.12,8.3,8.08,217.27M,1.48%
2025/7/17,8.09,8.11,8.13,8.05,103.88M,-0.25%
2025/7/16,8.11,8.14,8.2,8.09,101.15M,0.12%
2025/7/15,8.1,8.17,8.23,8.02,165.30M,0.00%
2025/7/14,8.1,8.13,8.19,8.1,157.47M,-0.25%
2025/7/11,8.12,8.11,8.3,8.08,221.19M,0.62%
2025/7/10,8.07,8.02,8.12,8.02,184.06M,0.12%
2025/7/9,8.06,8.66,8.66,8.03,438.65M,-5.62%
2025/7/8,8.54,8.49,8.58,8.42,115.79M,1.43%
2025/7/7,8.42,8.43,8.53,8.39,115.75M,-1.41%
2025/7/4,8.54,8.55,8.68,8.41,194.12M,-1.39%
2025/7/3,8.66,8.71,8.72,8.54,143.58M,0.23%
2025/7/2,8.64,8.5,8.72,8.45,218.98M,1.41%
2025/7/1,8.52,8.52,8.53,8.3,157.25M,1.19%
2025/6/30,8.42,8.3,8.44,8.24,200.82M,1.45%
2025/6/27,8.3,8.09,8.42,8.02,402.17M,1.84%
2025/6/26,8.15,8,8.23,7.95,214.14M,2.77%
2025/6/25,7.93,7.9,7.94,7.87,110.83M,0.51%
2025/6/24,7.89,7.88,8.03,7.88,182.03M,0.51%
2025/6/23,7.85,7.81,7.95,7.79,122.33M,0.90%
2025/6/20,7.78,7.77,7.9,7.73,125.30M,0.39%
2025/6/19,7.75,7.81,7.86,7.71,105.74M,-0.90%
2025/6/18,7.82,7.83,7.86,7.73,105.90M,0.00%
2025/6/17,7.82,7.85,7.89,7.81,84.68M,-0.38%
2025/6/16,7.85,7.89,7.98,7.8,131.85M,-0.76%
2025/6/13,7.91,7.85,7.93,7.77,203.68M,0.89%
2025/6/12,7.84,7.67,7.87,7.64,199.50M,1.42%
2025/6/11,7.73,7.49,7.76,7.47,254.43M,3.07%
2025/6/10,7.5,7.57,7.59,7.45,142.91M,0.00%
2025/6/9,7.5,7.54,7.57,7.42,197.72M,-1.19%
2025/6/6,7.59,7.38,7.6,7.37,301.65M,3.97%
2025/6/5,7.3,7.37,7.45,7.27,139.63M,-1.08%
2025/6/4,7.38,7.28,7.52,7.27,240.92M,2.07%
2025/6/3,7.23,7.25,7.32,7.2,123.24M,0.42%
2025/5/30,7.2,7.23,7.25,7.12,100.00M,-0.83%
2025/5/29,7.26,7.18,7.32,7.17,92.46M,0.55%
2025/5/28,7.22,7.18,7.28,7.18,80.69M,0.56%
2025/5/27,7.18,7.38,7.42,7.15,186.37M,-3.10%
2025/5/26,7.41,7.31,7.5,7.31,182.62M,2.49%
2025/5/23,7.23,7.33,7.36,7.23,133.62M,-1.63%
2025/5/22,7.35,7.4,7.4,7.33,81.69M,-1.74%
2025/5/21,7.48,7.3,7.49,7.28,180.78M,3.03%
2025/5/20,7.26,7.2,7.28,7.19,89.35M,0.97%
2025/5/19,7.19,7.29,7.3,7.16,87.51M,-1.78%
2025/5/16,7.32,7.3,7.37,7.25,73.83M,0.14%
2025/5/15,7.31,7.41,7.42,7.26,114.90M,-1.75%
2025/5/14,7.44,7.39,7.44,7.33,131.02M,1.36%
2025/5/13,7.34,7.32,7.43,7.29,163.49M,0.82%
2025/5/12,7.28,7.16,7.28,7.1,192.94M,2.68%
2025/5/9,7.09,7.15,7.16,7.08,115.23M,-1.12%
2025/5/8,7.17,7.19,7.2,7.14,160.13M,-1.65%
2025/5/7,7.29,7.19,7.37,7.18,277.36M,2.68%
2025/5/6,7.1,7.1,7.12,7.01,144.42M,0.57%
2025/4/30,7.06,7.1,7.15,7.03,116.02M,-0.98%
2025/4/29,7.13,7.16,7.2,7.1,85.10M,-0.42%
2025/4/28,7.16,7.2,7.23,7.1,151.00M,0.42%
2025/4/25,7.13,7.15,7.2,7.08,145.93M,0.99%
2025/4/24,7.06,7.08,7.2,7.04,133.97M,-1.12%
2025/4/23,7.14,7.2,7.28,7.11,227.87M,-0.83%
2025/4/22,7.2,6.98,7.35,6.94,438.37M,4.05%
2025/4/21,6.92,6.71,6.93,6.69,154.39M,2.98%
2025/4/18,6.72,6.66,6.73,6.62,104.55M,0.90%
2025/4/17,6.66,6.7,6.71,6.62,128.58M,0.15%
2025/4/16,6.65,6.8,6.8,6.56,191.90M,-2.21%
2025/4/15,6.8,6.9,6.94,6.76,173.95M,-1.16%
2025/4/14,6.88,6.7,7.03,6.7,304.25M,4.40%
2025/4/11,6.59,6.56,6.66,6.48,216.34M,0.15%
2025/4/10,6.58,6.46,6.68,6.37,421.71M,6.99%
2025/4/9,6.15,6.07,6.19,5.91,392.79M,-0.97%
2025/4/8,6.21,6.51,6.51,6.08,542.24M,-4.61%
2025/4/7,6.51,6.51,6.58,6.51,251.08M,-9.96%
2025/4/3,7.23,7.34,7.38,7.2,260.18M,-3.98%
2025/4/2,7.53,7.56,7.61,7.5,121.46M,-0.79%
2025/4/1,7.59,7.61,7.69,7.56,131.47M,-0.13%
2025/3/31,7.6,7.65,7.71,7.52,176.07M,-1.43%
2025/3/28,7.71,7.74,7.79,7.65,168.21M,-1.03%
2025/3/27,7.79,7.81,7.92,7.73,266.74M,-2.38%
2025/3/26,7.98,8.22,8.39,7.93,423.44M,-1.24%
2025/3/25,8.08,8.03,8.19,7.97,307.44M,0.87%
2025/3/24,8.01,7.73,8.1,7.69,432.65M,4.84%
2025/3/21,7.64,7.87,7.93,7.58,213.05M,-3.41%
2025/3/20,7.91,7.98,8.08,7.87,233.41M,0.51%
2025/3/19,7.87,7.84,7.91,7.74,158.87M,0.13%
2025/3/18,7.86,7.76,7.93,7.7,259.78M,1.68%
2025/3/17,7.73,7.85,7.91,7.71,251.41M,-2.40%
2025/3/14,7.92,8.09,8.21,7.84,398.98M,0.13%
2025/3/13,7.91,7.9,7.98,7.78,328.85M,1.41%
2025/3/12,7.8,7.82,7.94,7.71,413.67M,1.30%
2025/3/11,7.7,7.65,7.73,7.48,495.89M,-1.41%
2025/3/10,7.81,7.3,7.85,7.3,747.28M,8.62%
2025/3/7,7.19,7.09,7.3,7.08,303.83M,1.41%
2025/3/6,7.09,6.93,7.14,6.93,326.77M,3.65%
2025/3/5,6.84,6.8,6.88,6.73,132.43M,0.74%
2025/3/4,6.79,6.7,6.8,6.68,108.43M,0.74%
2025/3/3,6.74,6.64,6.8,6.64,146.75M,1.51%
2025/2/28,6.64,6.71,6.72,6.62,156.65M,-1.78%
2025/2/27,6.76,6.83,6.84,6.7,162.94M,-1.31%
2025/2/26,6.85,6.79,6.92,6.78,150.07M,1.18%
2025/2/25,6.77,6.89,6.9,6.75,179.98M,-2.17%
2025/2/24,6.92,6.9,6.94,6.82,144.73M,0.14%
2025/2/21,6.91,6.94,6.98,6.88,151.55M,-0.29%
2025/2/20,6.93,6.94,6.96,6.88,126.88M,-0.43%
2025/2/19,6.96,6.94,6.98,6.91,113.63M,0.29%
2025/2/18,6.94,7.04,7.06,6.92,148.35M,-1.98%
2025/2/17,7.08,7.24,7.25,7.04,257.53M,-3.28%
2025/2/14,7.32,7.26,7.34,7.22,166.89M,1.39%
2025/2/13,7.22,7.29,7.34,7.22,142.20M,-0.96%
2025/2/12,7.29,7.39,7.4,7.21,197.53M,-1.88%
2025/2/11,7.43,7.47,7.57,7.4,189.79M,-0.80%
2025/2/10,7.49,7.33,7.6,7.31,354.10M,2.74%
2025/2/7,7.29,7.21,7.36,7.14,259.50M,0.83%
2025/2/6,7.23,7.28,7.3,7.19,157.28M,0.14%
2025/2/5,7.22,7.31,7.35,7.19,186.43M,-0.28%
2025/1/27,7.24,7.29,7.34,7.24,100.35M,-0.69%
2025/1/24,7.29,7.17,7.33,7.17,157.74M,2.10%
2025/1/23,7.14,7.22,7.4,7.12,286.76M,0.42%
2025/1/22,7.11,7.07,7.13,6.99,153.53M,0.57%
2025/1/21,7.07,7.09,7.1,6.98,107.12M,0.28%
2025/1/20,7.05,7.16,7.19,7.04,159.14M,-1.54%
2025/1/17,7.16,7.09,7.2,7.05,159.93M,0.85%
2025/1/16,7.1,6.97,7.21,6.97,305.58M,2.90%
2025/1/15,6.9,7.01,7.05,6.81,198.95M,-2.13%
2025/1/14,7.05,6.9,7.05,6.85,201.22M,1.59%
2025/1/13,6.94,6.89,7.06,6.86,175.74M,-0.29%
2025/1/10,6.96,6.97,7.08,6.89,170.13M,0.29%
2025/1/9,6.94,7,7,6.88,108.48M,-0.14%
2025/1/8,6.95,7.04,7.04,6.86,162.44M,-1.28%
2025/1/7,7.04,6.85,7.14,6.82,236.20M,3.38%
2025/1/6,6.81,6.8,6.92,6.62,204.09M,0.59%
2025/1/3,6.77,6.61,6.97,6.61,328.43M,2.89%
2025/1/2,6.58,6.66,6.75,6.55,184.61M,-1.05%
2024/12/31,6.65,6.79,6.8,6.65,172.00M,-2.35%
2024/12/30,6.81,6.83,6.87,6.77,136.30M,-0.15%
2024/12/27,6.82,6.96,7.02,6.82,187.71M,-1.87%
2024/12/26,6.95,6.88,7,6.86,93.62M,0.87%
2024/12/25,6.89,6.98,6.99,6.85,89.46M,-1.43%
2024/12/24,6.99,6.91,6.99,6.87,126.06M,1.16%
2024/12/23,6.91,6.86,6.94,6.84,158.37M,0.88%
2024/12/20,6.85,6.99,7.02,6.82,177.91M,-2.28%
2024/12/19,7.01,6.89,7.03,6.8,126.09M,0.29%
2024/12/18,6.99,7.1,7.13,6.98,154.70M,-1.13%
2024/12/17,7.07,7.1,7.21,7.06,132.30M,-0.84%
2024/12/16,7.13,7.18,7.22,7.1,140.91M,-1.25%
2024/12/13,7.22,7.43,7.44,7.17,330.89M,-3.73%
2024/12/12,7.5,7.48,7.52,7.43,139.07M,0.00%
2024/12/11,7.5,7.41,7.57,7.34,177.83M,1.35%
2024/12/10,7.4,7.58,7.68,7.38,200.06M,0.14%
2024/12/9,7.39,7.42,7.47,7.33,126.76M,-0.40%
2024/12/6,7.42,7.36,7.42,7.33,130.94M,0.68%
2024/12/5,7.37,7.48,7.49,7.35,126.83M,-1.99%
2024/12/4,7.52,7.52,7.6,7.45,130.75M,0.80%
2024/12/3,7.46,7.5,7.52,7.41,100.20M,-0.27%
2024/12/2,7.48,7.4,7.56,7.38,177.36M,2.75%
2024/11/29,7.28,7.15,7.35,7.07,160.66M,1.82%
2024/11/28,7.15,7.25,7.29,7.13,114.10M,-2.05%
2024/11/27,7.3,7.25,7.3,7.14,121.93M,0.14%
2024/11/26,7.29,7.25,7.39,7.24,68.72M,0.28%
2024/11/25,7.27,7.35,7.44,7.22,105.63M,-0.68%
2024/11/22,7.32,7.58,7.61,7.32,132.48M,-3.81%
2024/11/21,7.61,7.6,7.64,7.56,88.20M,0.00%
2024/11/20,7.61,7.65,7.66,7.56,100.90M,-0.39%
2024/11/19,7.64,7.54,7.65,7.44,184.57M,3.24%
2024/11/18,7.4,7.42,7.58,7.33,171.62M,-0.80%
2024/11/15,7.46,7.44,7.63,7.41,146.20M,0.27%
2024/11/14,7.44,7.61,7.63,7.43,201.14M,-3.00%
2024/11/13,7.67,7.6,7.74,7.58,176.94M,-0.13%
2024/11/12,7.68,7.83,7.98,7.61,313.17M,-3.03%
2024/11/11,7.92,8.01,8.04,7.8,281.08M,-2.22%
2024/11/8,8.1,8.28,8.41,8.09,264.97M,-0.37%
2024/11/7,8.13,7.95,8.17,7.8,288.93M,-0.85%
2024/11/6,8.2,8.21,8.38,8.12,292.06M,0.24%
2024/11/5,8.18,7.98,8.24,7.93,291.75M,2.25%
2024/11/4,8,8.03,8.1,7.85,249.83M,0.88%
2024/11/1,7.93,7.6,8.14,7.51,464.58M,4.34%
2024/10/31,7.6,7.75,7.75,7.58,187.13M,-1.81%
2024/10/30,7.74,7.68,7.86,7.66,170.93M,1.04%
2024/10/29,7.66,7.92,7.96,7.63,306.02M,-3.28%
2024/10/28,7.92,7.89,7.92,7.76,166.68M,0.00%
2024/10/25,7.92,8.01,8.02,7.88,167.11M,-1.25%
2024/10/24,8.02,8.1,8.11,7.93,170.16M,-2.20%
2024/10/23,8.2,8.26,8.3,8.06,225.52M,-1.56%
2024/10/22,8.33,8.22,8.35,8.07,173.59M,0.12%
2024/10/21,8.32,8.11,8.44,8.05,319.54M,4.00%
2024/10/18,8,7.91,8.09,7.83,198.83M,1.52%
2024/10/17,7.88,8.08,8.11,7.86,120.76M,-1.75%
2024/10/16,8.02,7.91,8.06,7.81,136.26M,0.12%
2024/10/15,8.01,8.3,8.3,8,215.08M,-4.64%
2024/10/14,8.4,8.09,8.43,8.05,212.34M,4.35%
2024/10/11,8.05,8.25,8.25,7.98,143.02M,-1.83%
2024/10/10,8.2,8.01,8.39,7.95,265.72M,3.40%
2024/10/9,7.93,8.38,8.38,7.85,335.60M,-8.11%
2024/10/8,8.63,9.48,9.55,8.25,618.52M,-0.80%
2024/9/30,8.7,8.65,8.89,8.22,499.14M,3.94%
2024/9/27,8.37,8.36,8.48,8.23,131.13M,3.08%
2024/9/26,8.12,7.79,8.12,7.69,175.22M,4.37%
2024/9/25,7.78,7.88,8.22,7.76,230.39M,1.30%
2024/9/24,7.68,7.48,7.76,7.44,188.66M,3.92%
2024/9/23,7.39,7.39,7.55,7.35,121.12M,-0.67%
2024/9/20,7.44,7.2,7.48,7.15,208.72M,3.91%
2024/9/19,7.16,6.77,7.2,6.7,234.87M,6.23%
2024/9/18,6.74,6.62,6.79,6.58,162.28M,3.22%
2024/9/13,6.53,6.66,6.73,6.52,154.82M,-0.61%
2024/9/12,6.57,6.6,6.63,6.53,108.69M,0.15%
2024/9/11,6.56,6.68,6.7,6.48,137.08M,-2.38%
2024/9/10,6.72,6.76,6.79,6.63,69.20M,0.15%
2024/9/9,6.71,6.84,6.84,6.59,145.14M,-2.89%
2024/9/6,6.91,6.97,7.02,6.91,57.35M,-0.14%
2024/9/5,6.92,6.98,7.02,6.85,80.69M,-0.29%
2024/9/4,6.94,7.09,7.09,6.86,176.64M,-4.93%
2024/9/3,7.3,7.29,7.42,7.25,71.70M,0.00%
2024/9/2,7.3,7.4,7.44,7.19,107.54M,-2.54%
2024/8/30,7.49,7.42,7.57,7.3,132.77M,0.94%
2024/8/29,7.42,7.29,7.5,7.25,77.28M,-0.13%
2024/8/28,7.43,7.54,7.66,7.36,97.49M,-1.46%
2024/8/27,7.54,7.63,7.68,7.43,97.85M,-1.31%
2024/8/26,7.64,7.52,7.65,7.42,155.84M,2.96%
2024/8/23,7.42,7.38,7.48,7.36,56.96M,-0.27%
2024/8/22,7.44,7.48,7.49,7.3,78.75M,0.13%
2024/8/21,7.43,7.4,7.45,7.33,50.28M,0.27%
2024/8/20,7.41,7.56,7.57,7.36,77.40M,-1.33%
2024/8/19,7.51,7.48,7.62,7.44,115.63M,1.08%
2024/8/16,7.43,7.3,7.52,7.3,173.02M,2.77%
2024/8/15,7.23,7.08,7.27,7.02,113.36M,1.83%
2024/8/14,7.1,7.17,7.23,7.06,82.31M,-1.11%
2024/8/13,7.18,7.18,7.22,7.07,85.55M,0.84%
2024/8/12,7.12,7.06,7.18,7.05,78.33M,0.85%
2024/8/9,7.06,7.02,7.16,7.02,119.48M,1.58%
2024/8/8,6.95,7.02,7.03,6.85,113.57M,-1.97%
2024/8/7,7.09,6.98,7.17,6.9,102.40M,1.58%
2024/8/6,6.98,7.03,7.12,6.9,132.02M,-0.71%
2024/8/5,7.03,7.11,7.24,7.01,156.51M,-2.63%
2024/8/2,7.22,7.29,7.32,7.14,166.78M,-3.99%
2024/8/1,7.52,7.64,7.7,7.49,125.99M,0.67%
2024/7/31,7.47,7.24,7.51,7.16,175.73M,4.33%
2024/7/30,7.16,7.31,7.31,7.07,127.47M,-2.72%
2024/7/29,7.36,7.34,7.46,7.25,123.42M,1.24%
2024/7/26,7.27,7.08,7.39,7.08,188.92M,3.56%
2024/7/25,7.02,7.24,7.32,6.99,247.97M,-5.52%
2024/7/24,7.43,7.55,7.57,7.34,185.22M,-1.72%
2024/7/23,7.56,8.15,8.21,7.55,275.32M,-7.01%
2024/7/22,8.13,8.3,8.35,8.05,167.05M,-3.33%
2024/7/19,8.41,8.28,8.47,8.01,194.46M,-2.44%
2024/7/18,8.62,8.47,8.67,8.39,136.14M,0.70%
2024/7/17,8.56,9.08,9.16,8.46,243.45M,-6.65%
2024/7/16,9.17,9.05,9.21,8.99,120.14M,0.44%
2024/7/15,9.13,8.89,9.25,8.81,214.84M,4.22%
2024/7/12,8.76,9,9.07,8.63,200.34M,-3.20%
2024/7/11,9.05,8.82,9.1,8.74,132.17M,3.08%
2024/7/10,8.78,9.04,9.09,8.74,144.35M,-3.41%
2024/7/9,9.09,8.92,9.11,8.83,132.74M,1.91%
2024/7/8,8.92,8.98,9.05,8.87,138.45M,-1.87%
2024/7/5,9.09,8.86,9.13,8.8,172.44M,3.06%
2024/7/4,8.82,8.85,8.96,8.77,186.14M,2.20%
2024/7/3,8.63,8.56,8.63,8.47,89.59M,1.05%
2024/7/2,8.54,8.66,8.73,8.43,109.00M,-1.39%
2024/7/1,8.66,8.48,8.68,8.42,126.17M,1.88%
2024/6/28,8.5,8.16,8.57,8.15,167.48M,3.79%
2024/6/27,8.19,8.26,8.3,8.02,118.94M,-1.33%
2024/6/26,8.3,8.26,8.34,8.09,120.54M,-0.36%
2024/6/25,8.33,8.29,8.45,8.22,106.71M,0.97%
2024/6/24,8.25,8.16,8.35,8.1,98.79M,-0.96%
2024/6/21,8.33,8.55,8.6,8.3,118.21M,-1.42%
2024/6/20,8.45,8.5,8.63,8.38,151.78M,0.60%
2024/6/19,8.4,8.19,8.53,8.17,175.02M,3.19%
2024/6/18,8.14,8.23,8.27,8.05,108.96M,-0.61%
2024/6/17,8.19,8.2,8.37,8.06,118.53M,-1.09%
2024/6/14,8.28,8.03,8.31,7.96,136.12M,2.22%
2024/6/13,8.1,8.2,8.31,8.01,135.10M,-1.82%
2024/6/12,8.25,8.13,8.33,8.1,111.60M,1.48%
2024/6/11,8.13,8.19,8.27,8.06,169.29M,-3.33%
2024/6/7,8.41,8.36,8.48,8.24,174.40M,1.69%
2024/6/6,8.27,8.15,8.42,8.12,207.28M,2.99%
2024/6/5,8.03,8.2,8.23,8.01,221.87M,-4.40%
2024/6/4,8.4,8.25,8.57,8.15,179.99M,2.82%
2024/6/3,8.17,8.33,8.43,8.08,175.29M,-2.04%
2024/5/31,8.34,8.32,8.45,8.21,147.54M,0.00%
2024/5/30,8.34,8.7,8.74,8.29,188.32M,-4.79%
2024/5/29,8.76,8.5,8.88,8.48,175.10M,2.58%
2024/5/28,8.54,8.55,8.75,8.52,182.12M,0.00%
2024/5/27,8.54,8.15,8.58,8.15,233.94M,4.40%
2024/5/24,8.18,8.15,8.29,8.11,153.47M,0.12%
2024/5/23,8.17,8,8.29,7.88,264.84M,-0.49%
2024/5/22,8.21,8.41,8.5,8.15,283.61M,-2.49%
2024/5/21,8.42,8.92,8.98,8.35,375.59M,-5.82%
2024/5/20,8.94,8.95,9.15,8.58,458.58M,2.88%
2024/5/17,8.69,8.8,8.81,8.39,372.77M,0.23%
2024/5/16,8.67,9.24,9.33,8.57,488.23M,-5.04%
2024/5/15,9.13,9.39,9.45,9.08,215.38M,-3.49%
2024/5/14,9.46,9.35,9.58,9.33,233.20M,2.16%
2024/5/13,9.26,9.06,9.34,8.98,172.83M,0.65%
2024/5/10,9.2,9.17,9.25,8.9,203.68M,1.77%
2024/5/9,9.04,8.79,9.13,8.75,194.55M,2.38%
2024/5/8,8.83,8.76,8.99,8.6,190.67M,0.00%
2024/5/7,8.83,8.87,9.15,8.79,239.03M,0.00%
2024/5/6,8.83,8.78,8.85,8.5,313.83M,-1.67%
2024/4/30,8.98,9.1,9.23,8.81,276.17M,-0.33%
2024/4/29,9.01,9.14,9.22,8.82,271.96M,-2.91%
2024/4/26,9.28,8.97,9.37,8.87,287.53M,4.62%
2024/4/25,8.87,8.77,8.88,8.66,152.21M,0.23%
2024/4/24,8.85,8.56,8.88,8.56,211.44M,2.91%
2024/4/23,8.6,9,9.06,8.56,373.83M,-6.42%
2024/4/22,9.19,9.63,9.87,9.15,236.54M,-3.06%
2024/4/19,9.48,9.47,9.82,9.3,226.96M,0.11%
2024/4/18,9.47,8.97,9.47,8.89,253.81M,4.76%
2024/4/17,9.04,8.8,9.05,8.62,219.15M,2.15%
2024/4/16,8.85,9.08,9.36,8.77,241.15M,-3.38%
2024/4/15,9.16,8.79,9.17,8.64,224.34M,2.23%
2024/4/12,8.96,8.7,9.08,8.64,241.04M,2.99%
2024/4/11,8.7,8.5,9.07,8.45,260.26M,-0.46%
2024/4/10,8.74,8.54,8.85,8.48,241.85M,3.07%
2024/4/9,8.48,8.66,8.76,8.4,243.92M,-1.85%
2024/4/8,8.64,8.75,9.15,8.46,400.14M,-1.14%
2024/4/3,8.74,8.41,8.8,8.41,300.72M,4.80%
2024/4/2,8.34,8.22,8.45,8.2,175.10M,1.09%
2024/4/1,8.25,8.5,8.61,8.12,250.43M,-0.84%
2024/3/29,8.32,8.23,8.45,8.12,232.54M,1.84%
2024/3/28,8.17,7.85,8.28,7.81,205.68M,3.55%
2024/3/27,7.89,7.74,8.05,7.69,218.10M,1.41%
2024/3/26,7.78,7.84,7.98,7.67,181.12M,-0.51%
2024/3/25,7.82,7.61,7.98,7.58,256.78M,4.55%
2024/3/22,7.48,7.62,7.65,7.4,182.40M,-3.36%
2024/3/21,7.74,7.76,7.83,7.64,187.50M,1.98%
2024/3/20,7.59,7.59,7.76,7.45,218.26M,-1.30%
2024/3/19,7.69,7.75,7.91,7.65,214.74M,-1.66%
2024/3/18,7.82,7.77,7.97,7.55,313.90M,1.03%
2024/3/15,7.74,7.19,7.75,7.11,298.43M,7.65%
2024/3/14,7.19,7.14,7.35,7.07,298.25M,5.74%
2024/3/13,6.8,6.6,6.95,6.56,336.43M,6.25%
2024/3/12,6.4,6.75,6.75,6.35,188.34M,-5.47%
2024/3/11,6.77,6.72,6.84,6.65,128.60M,0.30%
2024/3/8,6.75,6.75,6.81,6.59,132.83M,1.96%
2024/3/7,6.62,6.37,6.83,6.37,199.23M,4.09%
2024/3/6,6.36,6.33,6.45,6.28,97.09M,0.32%
2024/3/5,6.34,6.28,6.37,6.26,108.75M,0.96%
2024/3/4,6.28,6.29,6.36,6.24,107.24M,0.80%
2024/3/1,6.23,6.14,6.27,6.11,96.09M,1.30%
2024/2/29,6.15,5.98,6.16,5.97,106.47M,2.33%
2024/2/28,6.01,6.12,6.13,6.01,127.25M,-1.80%
2024/2/27,6.12,6.1,6.19,6.05,128.35M,-0.16%
2024/2/26,6.13,6.32,6.41,6.12,119.74M,-3.46%
2024/2/23,6.35,6.14,6.38,6.09,150.01M,3.42%
2024/2/22,6.14,5.98,6.15,5.95,109.25M,2.33%
2024/2/21,6,5.99,6.12,5.98,97.72M,-0.50%
2024/2/20,6.03,5.94,6.11,5.86,127.02M,1.01%
2024/2/19,5.97,5.69,5.99,5.65,177.28M,5.11%
2024/2/8,5.68,5.59,5.68,5.54,142.16M,1.97%
2024/2/7,5.57,5.6,5.65,5.51,143.69M,-0.36%
2024/2/6,5.59,5.43,5.62,5.43,114.03M,2.19%
2024/2/5,5.47,5.38,5.53,5.31,149.38M,0.74%
2024/2/2,5.43,5.47,5.57,5.24,127.69M,-0.73%
2024/2/1,5.47,5.34,5.52,5.32,105.42M,1.86%
2024/1/31,5.37,5.4,5.48,5.34,93.18M,-1.10%
2024/1/30,5.43,5.44,5.53,5.41,86.23M,-0.91%
2024/1/29,5.48,5.49,5.54,5.44,91.57M,-0.36%
2024/1/26,5.5,5.42,5.58,5.38,171.61M,1.48%
2024/1/25,5.42,5.25,5.43,5.2,129.20M,3.83%
2024/1/24,5.22,5.11,5.25,5.07,106.84M,2.55%
2024/1/23,5.09,5,5.13,4.9,89.43M,1.39%
2024/1/22,5.02,5.18,5.19,4.97,112.42M,-3.28%
2024/1/19,5.19,5.21,5.22,5.13,91.82M,-0.95%
2024/1/18,5.24,5.19,5.29,5.06,145.75M,0.19%
2024/1/17,5.23,5.37,5.39,5.23,83.15M,-2.24%
2024/1/16,5.35,5.33,5.44,5.32,113.06M,0.19%
2024/1/15,5.34,5.3,5.36,5.24,94.06M,0.38%
2024/1/12,5.32,5.27,5.35,5.24,88.51M,0.57%
2024/1/11,5.29,5.3,5.32,5.26,90.59M,0.00%
2024/1/10,5.29,5.32,5.4,5.28,99.68M,-1.12%
2024/1/9,5.35,5.3,5.38,5.23,140.94M,0.56%
2024/1/8,5.32,5.32,5.42,5.25,172.50M,0.95%
2024/1/5,5.27,5.3,5.44,5.23,190.58M,1.35%
2024/1/4,5.2,5.23,5.28,5.16,97.64M,-0.95%
2024/1/3,5.25,5.28,5.28,5.21,96.32M,-0.76%
2024/1/2,5.29,5.21,5.35,5.2,129.98M,1.73%
2023/12/29,5.2,5.13,5.22,5.13,98.73M,0.78%
2023/12/28,5.16,5.11,5.25,5.1,163.42M,1.57%
2023/12/27,5.08,4.91,5.12,4.91,151.97M,3.25%
2023/12/26,4.92,4.93,4.94,4.89,56.69M,-0.20%
2023/12/25,4.93,4.9,4.95,4.87,76.12M,0.61%
2023/12/22,4.9,4.84,4.97,4.8,121.00M,1.24%
2023/12/21,4.84,4.68,4.85,4.65,119.97M,2.76%
2023/12/20,4.71,4.7,4.78,4.69,113.14M,0.64%
2023/12/19,4.68,4.66,4.7,4.61,65.43M,0.43%
2023/12/18,4.66,4.74,4.76,4.64,85.42M,-2.31%
2023/12/15,4.77,4.76,4.85,4.75,129.87M,1.27%
2023/12/14,4.71,4.77,4.8,4.71,89.09M,-0.21%
2023/12/13,4.72,4.81,4.83,4.71,109.20M,-2.48%
2023/12/12,4.84,4.84,4.86,4.76,118.97M,-0.41%
2023/12/11,4.86,4.88,4.9,4.78,144.48M,-0.82%
2023/12/8,4.9,4.97,4.99,4.89,80.21M,-1.01%
2023/12/7,4.95,5.02,5.03,4.92,85.55M,-1.39%
2023/12/6,5.02,4.92,5.07,4.91,107.71M,1.62%
2023/12/5,4.94,5.03,5.12,4.9,200.45M,-4.45%
2023/12/4,5.17,5.34,5.45,5.16,248.72M,-2.08%
2023/12/1,5.28,5.21,5.29,5.2,79.02M,1.34%
2023/11/30,5.21,5.24,5.24,5.18,51.61M,-0.76%
2023/11/29,5.25,5.27,5.31,5.23,59.28M,0.00%
2023/11/28,5.25,5.26,5.26,5.19,58.44M,0.00%
2023/11/27,5.25,5.26,5.28,5.2,58.39M,-0.57%
2023/11/24,5.28,5.31,5.33,5.25,46.96M,-0.75%
2023/11/23,5.32,5.29,5.33,5.25,49.93M,0.38%
2023/11/22,5.3,5.36,5.4,5.3,67.09M,-1.12%
2023/11/21,5.36,5.34,5.48,5.33,141.51M,1.13%
2023/11/20,5.3,5.24,5.3,5.19,71.98M,0.95%
2023/11/17,5.25,5.26,5.26,5.2,49.69M,-0.19%
2023/11/16,5.26,5.36,5.36,5.24,78.48M,-2.05%
2023/11/15,5.37,5.27,5.38,5.26,159.69M,2.87%
2023/11/14,5.22,5.23,5.25,5.17,69.46M,-0.19%
2023/11/13,5.23,5.17,5.24,5.15,81.27M,1.55%
2023/11/10,5.15,5.18,5.18,5.12,68.40M,-0.96%
2023/11/9,5.2,5.14,5.22,5.12,103.14M,0.39%
2023/11/8,5.18,5.25,5.26,5.15,118.96M,-1.71%
2023/11/7,5.27,5.31,5.31,5.23,95.33M,-0.75%
2023/11/6,5.31,5.43,5.48,5.27,179.80M,-1.85%
2023/11/3,5.41,5.4,5.47,5.39,69.35M,0.74%
2023/11/2,5.37,5.46,5.53,5.37,69.42M,-1.10%
2023/11/1,5.43,5.53,5.54,5.43,78.74M,-1.99%
2023/10/31,5.54,5.6,5.6,5.47,83.88M,-1.42%
2023/10/30,5.62,5.47,5.66,5.44,155.46M,3.50%
2023/10/27,5.43,5.34,5.46,5.26,94.63M,1.50%
2023/10/26,5.35,5.3,5.37,5.24,81.04M,0.19%
2023/10/25,5.34,5.47,5.5,5.34,100.43M,0.56%
2023/10/24,5.31,5.2,5.33,5.2,107.38M,3.11%
2023/10/23,5.15,5.36,5.36,5.11,107.27M,-4.28%
2023/10/20,5.38,5.5,5.55,5.35,111.61M,-2.54%
2023/10/19,5.52,5.58,5.6,5.51,65.74M,-1.78%
2023/10/18,5.62,5.75,5.75,5.61,74.86M,-2.09%
2023/10/17,5.74,5.78,5.81,5.73,56.94M,-0.69%
2023/10/16,5.78,5.79,5.83,5.76,55.09M,0.00%
2023/10/13,5.78,5.87,5.87,5.77,57.30M,-2.20%
2023/10/12,5.91,5.87,5.97,5.87,74.41M,1.20%
2023/10/11,5.84,5.92,5.93,5.81,76.24M,-0.85%
2023/10/10,5.89,5.98,6,5.87,58.02M,-1.51%
2023/10/9,5.98,5.88,5.99,5.78,78.14M,1.18%
2023/9/28,5.91,6.01,6.05,5.85,98.71M,-1.66%
2023/9/27,6.01,6.07,6.09,5.97,84.68M,-1.15%
2023/9/26,6.08,6.09,6.16,6.05,44.90M,0.00%
2023/9/25,6.08,6.1,6.13,6.06,50.23M,-0.16%
2023/9/22,6.09,6.08,6.15,6.04,96.71M,-0.81%
2023/9/21,6.14,6.19,6.23,6.11,71.17M,-1.44%
2023/9/20,6.23,6.27,6.3,6.21,45.18M,-1.11%
2023/9/19,6.3,6.23,6.31,6.19,71.68M,0.80%
2023/9/18,6.25,6.35,6.38,6.19,86.26M,-1.57%
2023/9/15,6.35,6.38,6.44,6.29,153.36M,1.44%
2023/9/14,6.26,6.18,6.28,6.15,107.12M,1.79%
2023/9/13,6.15,6.17,6.2,6.09,58.89M,-0.32%
2023/9/12,6.17,6.22,6.29,6.16,69.26M,-0.32%
2023/9/11,6.19,6.1,6.25,6.09,90.83M,1.81%
2023/9/8,6.08,6.14,6.15,6.07,38.09M,-1.30%
2023/9/7,6.16,6.26,6.28,6.14,76.99M,-1.44%
2023/9/6,6.25,6.3,6.35,6.13,127.75M,1.13%
2023/9/5,6.18,6.15,6.2,6.09,77.98M,0.16%
2023/9/4,6.17,6.1,6.23,6.06,189.32M,3.87%
2023/9/1,5.94,5.74,6.04,5.74,132.27M,3.66%
2023/8/31,5.73,5.79,5.86,5.72,59.73M,-0.87%
2023/8/30,5.78,5.79,5.86,5.76,81.95M,0.17%
2023/8/29,5.77,5.76,5.84,5.63,112.46M,0.70%
2023/8/28,5.73,6.05,6.09,5.7,142.74M,-1.21%
2023/8/25,5.8,5.8,5.87,5.75,86.69M,-0.85%
2023/8/24,5.85,5.78,5.95,5.77,110.83M,2.81%
2023/8/23,5.69,5.83,5.83,5.69,86.14M,-2.23%
2023/8/22,5.82,5.69,5.88,5.68,113.64M,3.19%
2023/8/21,5.64,5.66,5.74,5.63,54.59M,-0.53%
2023/8/18,5.67,5.84,5.84,5.67,53.43M,-2.24%
2023/8/17,5.8,5.73,5.8,5.67,64.71M,0.17%
2023/8/16,5.79,5.76,5.86,5.76,41.33M,-0.86%
2023/8/15,5.84,5.88,5.92,5.74,62.18M,-0.51%
2023/8/14,5.87,5.88,5.91,5.77,82.97M,-1.34%
2023/8/11,5.95,6.09,6.13,5.92,91.15M,-2.30%
2023/8/10,6.09,6.12,6.16,6.05,52.44M,-0.65%
2023/8/9,6.13,6.09,6.15,6.08,43.66M,-0.16%
2023/8/8,6.14,6.11,6.19,6.02,81.74M,0.49%
2023/8/7,6.11,6.09,6.13,6.03,50.83M,0.16%
2023/8/4,6.1,6.19,6.31,6.07,128.98M,0.00%
2023/8/3,6.1,6.1,6.14,6.03,107.17M,-0.97%
2023/8/2,6.16,6.21,6.23,6.13,79.83M,-1.44%
2023/8/1,6.25,6.29,6.48,6.21,174.59M,1.30%
2023/7/31,6.17,6.12,6.28,6.08,157.42M,2.32%
2023/7/28,6.03,5.87,6.04,5.84,100.88M,1.86%
2023/7/27,5.92,6.03,6.04,5.91,76.85M,-1.82%
2023/7/26,6.03,6.01,6.08,5.95,85.98M,0.84%
2023/7/25,5.98,5.88,6.15,5.88,147.09M,4.00%
2023/7/24,5.75,5.83,5.84,5.73,57.23M,-1.03%
2023/7/21,5.81,5.85,5.89,5.75,74.06M,-0.68%
2023/7/20,5.85,5.85,5.94,5.81,120.38M,0.00%
2023/7/19,5.85,5.86,5.91,5.79,133.44M,1.74%
2023/7/18,5.75,5.74,5.81,5.71,70.20M,-0.17%
2023/7/17,5.76,5.69,5.88,5.63,116.32M,-1.37%
2023/7/14,5.84,5.88,5.97,5.81,138.07M,0.69%
2023/7/13,5.8,5.63,5.85,5.61,232.72M,5.07%
2023/7/12,5.52,5.53,5.58,5.5,87.51M,-0.18%
2023/7/11,5.53,5.47,5.54,5.41,75.91M,1.10%
2023/7/10,5.47,5.43,5.51,5.42,68.90M,1.30%
2023/7/7,5.4,5.42,5.44,5.33,70.72M,-2.00%
2023/7/6,5.51,5.6,5.61,5.48,84.26M,-1.61%
2023/7/5,5.6,5.5,5.66,5.49,126.02M,1.27%
2023/7/4,5.53,5.59,5.67,5.48,79.65M,-0.54%
2023/7/3,5.56,5.37,5.57,5.35,153.35M,4.32%
2023/6/30,5.33,5.29,5.38,5.28,56.45M,0.38%
2023/6/29,5.31,5.36,5.39,5.3,77.87M,-1.12%
2023/6/28,5.37,5.36,5.42,5.31,69.54M,-0.19%
2023/6/27,5.38,5.25,5.42,5.18,109.35M,2.28%
2023/6/26,5.26,5.32,5.37,5.22,61.12M,-1.50%
2023/6/21,5.34,5.5,5.53,5.33,105.84M,-3.26%
2023/6/20,5.52,5.49,5.57,5.44,81.94M,0.55%
2023/6/19,5.49,5.65,5.67,5.45,138.19M,-3.00%
2023/6/16,5.66,5.58,5.67,5.54,144.41M,1.43%
2023/6/15,5.58,5.49,5.6,5.38,163.49M,1.27%
2023/6/14,5.51,5.44,5.63,5.43,227.84M,2.61%
2023/6/13,5.37,5.37,5.38,5.33,51.94M,-0.37%
2023/6/12,5.39,5.4,5.41,5.3,92.16M,-0.19%
2023/6/9,5.4,5.45,5.46,5.39,67.81M,-0.18%
2023/6/8,5.41,5.37,5.47,5.36,51.74M,0.37%
2023/6/7,5.39,5.4,5.49,5.34,62.67M,0.19%
2023/6/6,5.38,5.46,5.53,5.37,90.12M,-1.10%
2023/6/5,5.44,5.47,5.48,5.39,68.29M,-0.55%
2023/6/2,5.47,5.33,5.49,5.33,153.85M,3.40%
2023/6/1,5.29,5.24,5.35,5.17,96.92M,0.95%
2023/5/31,5.24,5.23,5.25,5.17,60.92M,-0.19%
2023/5/30,5.25,5.27,5.28,5.17,49.35M,0.00%
2023/5/29,5.25,5.28,5.3,5.22,49.28M,0.00%
2023/5/26,5.25,5.17,5.25,5.13,49.76M,1.74%
2023/5/25,5.16,5.2,5.22,5.1,81.43M,-1.71%
2023/5/24,5.25,5.21,5.31,5.16,70.00M,0.19%
2023/5/23,5.24,5.33,5.35,5.24,78.37M,-2.06%
2023/5/22,5.35,5.34,5.38,5.3,59.40M,0.19%
2023/5/19,5.34,5.35,5.37,5.29,70.74M,-1.11%
2023/5/18,5.4,5.44,5.49,5.37,74.78M,0.93%
2023/5/17,5.35,5.35,5.41,5.31,85.00M,-1.29%
2023/5/16,5.42,5.46,5.49,5.4,69.27M,-0.73%
2023/5/15,5.46,5.29,5.49,5.29,115.22M,3.02%
2023/5/12,5.3,5.57,5.58,5.26,285.85M,-6.36%
2023/5/11,5.66,5.79,5.81,5.63,143.39M,-2.58%
2023/5/10,5.81,5.85,5.92,5.78,106.39M,-0.85%
2023/5/9,5.86,5.86,6.04,5.84,167.40M,0.17%
2023/5/8,5.85,5.7,6.02,5.68,215.69M,4.09%
2023/5/5,5.62,5.71,5.8,5.59,164.90M,-1.40%
2023/5/4,5.7,5.88,5.88,5.66,280.60M,-4.36%
2023/4/28,5.96,5.92,6.05,5.91,170.16M,1.19%
2023/4/27,5.89,6.02,6.03,5.82,176.00M,-2.97%
2023/4/26,6.07,6.11,6.17,6,151.30M,-1.78%
2023/4/25,6.18,6.31,6.37,6.08,147.62M,-1.28%
2023/4/24,6.26,6.57,6.58,6.2,234.60M,-5.01%
2023/4/21,6.59,6.78,6.82,6.58,143.65M,-1.79%
2023/4/20,6.71,6.91,6.94,6.62,287.38M,-3.03%
2023/4/19,6.92,6.8,6.96,6.75,512.13M,9.32%
2023/4/18,6.33,6.31,6.39,6.23,110.71M,-0.31%
2023/4/17,6.35,6.36,6.41,6.19,219.56M,-0.94%
2023/4/14,6.41,6.22,6.42,6.21,236.92M,4.23%
2023/4/13,6.15,6.17,6.24,6.1,107.27M,-0.32%
2023/4/12,6.17,6.15,6.24,6.11,137.23M,0.82%
2023/4/11,6.12,5.97,6.15,5.92,202.47M,2.86%
2023/4/10,5.95,5.91,6.03,5.89,110.17M,1.02%
2023/4/7,5.89,5.97,6.09,5.86,121.18M,-1.34%
2023/4/6,5.97,5.94,5.98,5.87,91.65M,0.51%
2023/4/4,5.94,5.89,5.95,5.85,95.07M,0.51%
2023/4/3,5.91,5.99,6,5.84,143.88M,-1.34%
2023/3/31,5.99,5.93,6.06,5.91,120.37M,1.01%
2023/3/30,5.93,5.94,5.95,5.82,79.51M,0.00%
2023/3/29,5.93,5.89,5.97,5.89,74.23M,0.68%
2023/3/28,5.89,5.91,6,5.86,85.31M,-0.51%
2023/3/27,5.92,5.91,5.95,5.83,94.35M,0.51%
2023/3/24,5.89,5.83,5.92,5.8,108.98M,0.86%
2023/3/23,5.84,5.82,5.87,5.77,81.80M,0.34%
2023/3/22,5.82,5.7,5.84,5.68,159.91M,2.11%
2023/3/21,5.7,5.4,5.77,5.38,256.46M,6.54%
2023/3/20,5.35,5.37,5.52,5.31,197.84M,-0.37%
2023/3/17,5.37,5.42,5.5,5.33,224.04M,-0.19%
2023/3/16,5.38,5.77,5.77,5.34,316.16M,-7.88%
2023/3/15,5.84,5.85,5.91,5.83,50.89M,0.17%
2023/3/14,5.83,5.95,5.99,5.77,98.41M,-1.52%
2023/3/13,5.92,5.87,5.98,5.83,100.80M,0.85%
2023/3/10,5.87,5.9,5.95,5.87,66.98M,-2.00%
2023/3/9,5.99,6.1,6.12,5.93,106.64M,0.34%
2023/3/8,5.97,5.85,6,5.83,93.67M,0.00%
2023/3/7,5.97,6.03,6.16,5.96,107.97M,-1.16%
2023/3/6,6.04,5.95,6.06,5.86,126.57M,1.00%
2023/3/3,5.98,6.11,6.11,5.9,129.28M,-1.81%
2023/3/2,6.09,6.08,6.17,6.03,134.57M,0.50%
2023/3/1,6.06,5.92,6.07,5.89,140.68M,2.71%
2023/2/28,5.9,5.91,5.95,5.83,92.35M,0.51%
2023/2/27,5.87,5.91,5.99,5.81,143.27M,-2.00%
2023/2/24,5.99,6.11,6.13,5.95,166.31M,-2.92%
2023/2/23,6.17,6.17,6.23,6.07,147.27M,0.49%
2023/2/22,6.14,6.13,6.21,6.07,141.07M,-0.65%
2023/2/21,6.18,5.98,6.29,5.95,389.31M,3.34%
2023/2/20,5.98,5.81,6.03,5.78,216.03M,2.57%
2023/2/17,5.83,5.83,5.97,5.83,150.74M,1.04%
2023/2/16,5.77,5.84,5.93,5.7,150.74M,-2.37%
2023/2/15,5.91,5.91,6.08,5.9,168.73M,-0.34%
2023/2/14,5.93,5.8,6.05,5.79,321.40M,3.31%
2023/2/13,5.74,5.73,5.83,5.71,131.20M,-0.35%
2023/2/10,5.76,5.84,5.87,5.73,116.46M,-1.37%
2023/2/9,5.84,5.8,5.88,5.75,112.41M,0.17%
2023/2/8,5.83,5.87,6,5.8,168.99M,-1.02%
2023/2/7,5.89,5.74,5.97,5.66,205.01M,3.15%
2023/2/6,5.71,5.8,5.8,5.6,202.86M,-3.06%
2023/2/3,5.89,5.85,5.92,5.75,217.30M,-0.51%
2023/2/2,5.92,5.96,5.98,5.79,289.69M,-1.50%
2023/2/1,6.01,5.68,6.1,5.68,473.38M,6.00%
2023/1/31,5.67,5.52,5.74,5.49,381.06M,3.09%
2023/1/30,5.5,5.31,5.63,5.29,460.99M,7.21%
2023/1/20,5.13,5.05,5.17,5.04,118.45M,1.79%
2023/1/19,5.04,4.96,5.04,4.95,81.71M,1.00%
2023/1/18,4.99,4.87,5.01,4.87,140.50M,2.89%
2023/1/17,4.85,4.86,4.88,4.82,66.52M,-0.61%
2023/1/16,4.88,4.89,4.95,4.87,114.33M,0.00%
2023/1/13,4.88,4.98,5,4.85,103.55M,-0.81%
2023/1/12,4.92,4.96,5.06,4.9,157.40M,1.03%
2023/1/11,4.87,4.87,4.93,4.85,89.55M,0.83%
2023/1/10,4.83,4.85,4.89,4.79,101.04M,-0.21%
2023/1/9,4.84,4.66,4.88,4.66,194.70M,4.76%
2023/1/6,4.62,4.6,4.65,4.58,86.32M,0.43%
2023/1/5,4.6,4.59,4.64,4.55,86.13M,0.66%
2023/1/4,4.57,4.61,4.63,4.53,62.43M,-1.30%
2023/1/3,4.63,4.53,4.65,4.4,85.90M,1.76%
2022/12/30,4.55,4.59,4.62,4.55,43.42M,-0.44%
2022/12/29,4.57,4.61,4.65,4.56,63.13M,-1.72%
2022/12/28,4.65,4.59,4.7,4.56,64.50M,0.65%
2022/12/27,4.62,4.56,4.63,4.55,48.94M,1.99%
2022/12/26,4.53,4.55,4.56,4.5,49.07M,-0.22%
2022/12/23,4.54,4.5,4.56,4.48,36.59M,0.22%
2022/12/22,4.53,4.64,4.65,4.51,50.28M,-1.52%
2022/12/21,4.6,4.65,4.66,4.58,43.12M,-0.43%
2022/12/20,4.62,4.64,4.66,4.58,52.37M,-1.07%
2022/12/19,4.67,4.81,4.84,4.63,90.72M,-2.51%
2022/12/16,4.79,4.77,4.82,4.75,53.06M,-0.83%
2022/12/15,4.83,4.87,4.9,4.78,84.42M,-1.23%
2022/12/14,4.89,4.95,5.01,4.88,81.16M,-1.21%
2022/12/13,4.95,4.89,5.03,4.89,104.49M,1.02%
2022/12/12,4.9,4.98,4.98,4.88,123.33M,-2.20%
2022/12/9,5.01,4.78,5.03,4.76,240.13M,4.59%
2022/12/8,4.79,4.78,4.82,4.76,57.85M,0.21%
2022/12/7,4.78,4.79,4.84,4.77,82.60M,-1.04%
2022/12/6,4.83,4.8,4.84,4.76,87.09M,0.21%
2022/12/5,4.82,4.7,4.85,4.7,156.18M,3.43%
2022/12/2,4.66,4.73,4.75,4.66,83.91M,-1.69%
2022/12/1,4.74,4.73,4.81,4.73,130.10M,1.72%
2022/11/30,4.66,4.71,4.75,4.66,78.48M,-1.06%
2022/11/29,4.71,4.54,4.72,4.54,118.69M,3.29%
2022/11/28,4.56,4.61,4.61,4.48,85.77M,-1.94%
2022/11/25,4.65,4.63,4.67,4.61,49.06M,0.22%
2022/11/24,4.64,4.67,4.68,4.63,50.66M,0.22%
2022/11/23,4.63,4.66,4.69,4.61,52.49M,-0.22%
2022/11/22,4.64,4.62,4.71,4.61,62.99M,-0.43%
2022/11/21,4.66,4.67,4.67,4.57,68.78M,-0.64%
2022/11/18,4.69,4.73,4.77,4.69,80.55M,-1.26%
2022/11/17,4.75,4.78,4.8,4.7,113.81M,-1.45%
2022/11/16,4.82,4.74,4.9,4.7,178.88M,1.69%
2022/11/15,4.74,4.7,4.74,4.63,118.80M,0.85%
2022/11/14,4.7,4.73,4.81,4.66,197.73M,0.43%
2022/11/11,4.68,4.7,4.75,4.65,177.00M,2.63%
2022/11/10,4.56,4.59,4.6,4.51,103.86M,-1.30%
2022/11/9,4.62,4.74,4.78,4.61,121.87M,-1.07%
2022/11/8,4.67,4.64,4.72,4.61,149.28M,0.00%
2022/11/7,4.67,4.6,4.71,4.58,303.30M,4.24%
2022/11/4,4.48,4.35,4.5,4.33,204.79M,3.46%
2022/11/3,4.33,4.35,4.36,4.29,113.55M,-1.14%
2022/11/2,4.38,4.31,4.42,4.28,173.47M,1.62%
2022/11/1,4.31,4.24,4.31,4.21,137.19M,3.86%
2022/10/31,4.15,4.12,4.2,4.08,79.78M,-0.48%
2022/10/28,4.17,4.29,4.29,4.15,104.02M,-2.80%
2022/10/27,4.29,4.26,4.35,4.25,136.79M,1.42%
2022/10/26,4.23,4.2,4.26,4.18,94.58M,0.24%
2022/10/25,4.22,4.15,4.26,4.05,134.33M,1.69%
2022/10/24,4.15,4.29,4.33,4.14,162.09M,-2.58%
2022/10/21,4.26,4.29,4.31,4.25,79.25M,-0.23%
2022/10/20,4.27,4.26,4.33,4.21,106.34M,-0.70%
2022/10/19,4.3,4.37,4.39,4.29,144.45M,-1.83%
2022/10/18,4.38,4.42,4.44,4.36,122.62M,-0.68%
2022/10/17,4.41,4.39,4.42,4.33,182.92M,-1.12%
2022/10/14,4.46,4.37,4.48,4.34,254.06M,3.24%
2022/10/13,4.32,4.35,4.4,4.3,189.51M,-2.26%
2022/10/12,4.42,4.5,4.52,4.18,365.01M,-3.07%
2022/10/11,4.56,4.54,4.64,4.5,81.78M,1.11%
2022/10/10,4.51,4.72,4.75,4.45,138.13M,-4.45%
2022/9/30,4.72,4.72,4.85,4.69,110.03M,0.00%
2022/9/29,4.72,4.65,4.79,4.63,127.26M,3.74%
2022/9/28,4.55,4.73,4.73,4.55,79.16M,-4.21%
2022/9/27,4.75,4.71,4.75,4.63,71.86M,1.28%
2022/9/26,4.69,4.8,4.83,4.68,88.90M,-3.10%
2022/9/23,4.84,4.9,4.91,4.81,67.43M,-1.02%
2022/9/22,4.89,4.85,4.94,4.85,59.46M,-0.20%
2022/9/21,4.9,4.89,4.92,4.83,55.49M,0.00%
2022/9/20,4.9,4.79,4.97,4.78,76.62M,2.51%
2022/9/19,4.78,4.86,4.88,4.74,69.66M,-1.44%
2022/9/16,4.85,5.02,5.03,4.85,114.68M,-3.19%
2022/9/15,5.01,5.13,5.18,4.95,114.22M,-2.15%
2022/9/14,5.12,5.14,5.19,5.09,90.49M,-1.92%
2022/9/13,5.22,5.23,5.28,5.2,121.84M,0.77%
2022/9/9,5.18,5.14,5.24,5.11,96.70M,1.37%
2022/9/8,5.11,5.11,5.15,5.08,75.68M,-0.20%
2022/9/7,5.12,5.03,5.13,5.02,89.65M,1.39%
2022/9/6,5.05,4.96,5.06,4.95,92.37M,2.02%
2022/9/5,4.95,4.9,4.95,4.86,72.07M,1.02%
2022/9/2,4.9,4.94,4.96,4.88,74.68M,-0.61%
2022/9/1,4.93,4.92,4.98,4.88,70.02M,0.20%
2022/8/31,4.92,5.06,5.07,4.9,163.39M,-3.34%
2022/8/30,5.09,5.15,5.15,5.06,90.30M,-0.97%
2022/8/29,5.14,5.11,5.15,5.05,86.28M,-0.96%
2022/8/26,5.19,5.22,5.27,5.18,94.17M,-0.57%
2022/8/25,5.22,5.15,5.23,5.11,112.99M,1.36%
2022/8/24,5.15,5.33,5.4,5.13,205.25M,-3.38%
2022/8/23,5.33,5.35,5.41,5.3,103.08M,-0.56%
2022/8/22,5.36,5.27,5.36,5.25,137.58M,2.29%
2022/8/19,5.24,5.23,5.28,5.23,98.87M,-0.38%
2022/8/18,5.26,5.26,5.31,5.21,118.08M,-1.13%
2022/8/17,5.32,5.38,5.42,5.27,160.47M,-1.66%
2022/8/16,5.41,5.51,5.52,5.38,173.49M,-2.17%
2022/8/15,5.53,5.44,5.57,5.4,229.69M,1.28%
2022/8/12,5.46,5.4,5.5,5.37,143.50M,0.92%
2022/8/11,5.41,5.39,5.42,5.3,145.10M,0.74%
2022/8/10,5.37,5.4,5.5,5.33,146.35M,0.19%
2022/8/9,5.36,5.34,5.38,5.3,92.15M,0.19%
2022/8/8,5.35,5.29,5.44,5.26,144.10M,1.52%
2022/8/5,5.27,5.21,5.28,5.18,93.71M,1.35%
2022/8/4,5.2,5.21,5.25,5.13,86.66M,0.58%
2022/8/3,5.17,5.21,5.3,5.15,116.85M,-0.96%
2022/8/2,5.22,5.36,5.36,5.15,186.26M,-4.04%
2022/8/1,5.44,5.34,5.45,5.18,154.19M,0.93%
2022/7/29,5.39,5.46,5.48,5.38,145.64M,-1.64%
2022/7/28,5.48,5.56,5.56,5.46,140.73M,-0.72%
2022/7/27,5.52,5.45,5.55,5.41,132.43M,0.91%
2022/7/26,5.47,5.39,5.52,5.34,159.41M,1.67%
2022/7/25,5.38,5.52,5.54,5.36,228.09M,-3.24%
2022/7/22,5.56,5.7,5.78,5.51,650.52M,-7.02%
2022/7/21,5.98,5.43,5.98,5.38,642.97M,9.93%
2022/7/20,5.44,5.26,5.44,5.25,197.75M,3.82%
2022/7/19,5.24,5.29,5.31,5.2,118.10M,-1.32%
2022/7/18,5.31,5.18,5.33,5.17,154.96M,3.11%
2022/7/15,5.15,5.15,5.26,5.13,164.65M,0.19%
2022/7/14,5.14,5.2,5.22,5.12,167.71M,-1.72%
2022/7/13,5.23,5.22,5.26,5.12,121.02M,0.00%
2022/7/12,5.23,5.31,5.34,5.22,136.72M,-1.51%
2022/7/11,5.31,5.47,5.49,5.27,220.22M,-3.63%
2022/7/8,5.51,5.42,5.63,5.41,317.97M,2.61%
2022/7/7,5.37,5.24,5.43,5.22,230.74M,1.90%
2022/7/6,5.27,5.53,5.58,5.16,473.87M,-6.23%
2022/7/5,5.62,5.64,5.73,5.51,244.47M,-0.18%
2022/7/4,5.63,5.63,5.72,5.58,241.42M,-1.40%
2022/7/1,5.71,5.8,5.8,5.66,209.05M,-0.35%
2022/6/30,5.73,5.7,5.81,5.62,271.84M,0.17%
2022/6/29,5.72,5.86,5.93,5.71,339.64M,-3.05%
2022/6/28,5.9,6.02,6.05,5.83,381.80M,-1.34%
2022/6/27,5.98,5.66,6.06,5.6,588.69M,4.00%
2022/6/24,5.75,5.87,6.09,5.73,477.98M,-3.85%
2022/6/23,5.98,5.95,6.16,5.59,1.02B,-2.29%
2022/6/22,6.12,5.75,6.27,5.72,1.16B,7.37%
2022/6/21,5.7,5.66,5.73,5.47,368.41M,-1.04%
2022/6/20,5.76,6.12,6.12,5.51,742.21M,-5.73%
2022/6/17,6.11,5.82,6.13,5.73,506.57M,4.98%
2022/6/16,5.82,5.82,5.98,5.72,261.01M,0.00%
2022/6/15,5.82,5.79,5.92,5.62,356.20M,0.52%
2022/6/14,5.79,5.66,5.8,5.59,282.96M,1.22%
2022/6/13,5.72,5.67,5.85,5.63,378.64M,0.70%
2022/6/10,5.68,5.32,5.76,5.32,363.17M,5.38%
2022/6/9,5.39,5.19,5.54,5.19,379.21M,4.26%
2022/6/8,5.17,5.05,5.18,4.96,195.87M,2.58%
2022/6/7,5.04,5.02,5.07,4.98,109.18M,0.00%
2022/6/6,5.04,4.9,5.06,4.86,186.79M,4.13%
2022/6/2,4.84,4.76,4.85,4.74,100.85M,1.26%
2022/6/1,4.78,4.74,4.8,4.72,89.52M,0.21%
2022/5/31,4.77,4.74,4.77,4.7,98.66M,0.63%
2022/5/30,4.74,4.75,4.79,4.72,83.73M,-0.21%
2022/5/27,4.75,4.77,4.83,4.72,124.04M,-0.21%
2022/5/26,4.76,4.72,4.78,4.62,124.14M,1.06%
2022/5/25,4.71,4.61,4.75,4.59,164.95M,3.74%
2022/5/24,4.54,4.73,4.74,4.54,130.62M,-4.42%
2022/5/23,4.75,4.67,4.8,4.65,141.75M,1.28%
2022/5/20,4.69,4.5,4.7,4.5,222.26M,4.92%
2022/5/19,4.47,4.44,4.48,4.39,123.80M,-1.11%
2022/5/18,4.52,4.58,4.58,4.49,87.89M,-1.09%
2022/5/17,4.57,4.46,4.58,4.45,136.49M,2.47%
2022/5/16,4.46,4.48,4.51,4.44,86.91M,0.45%
2022/5/13,4.44,4.46,4.51,4.4,99.05M,-0.22%
2022/5/12,4.45,4.46,4.52,4.39,111.98M,-1.77%
2022/5/11,4.53,4.44,4.65,4.42,162.14M,2.03%
2022/5/10,4.44,4.42,4.49,4.32,169.65M,-1.33%
2022/5/9,4.5,4.5,4.57,4.45,85.47M,-1.10%
2022/5/6,4.55,4.6,4.62,4.51,104.24M,-4.01%
2022/5/5,4.74,4.71,4.79,4.65,106.09M,1.28%
2022/4/29,4.68,4.52,4.72,4.49,137.13M,4.93%
2022/4/28,4.46,4.52,4.54,4.41,120.07M,-1.33%
2022/4/27,4.52,4.19,4.55,4.18,153.03M,5.85%
2022/4/26,4.27,4.61,4.64,4.23,196.28M,-7.38%
2022/4/25,4.61,4.83,4.83,4.6,134.17M,-6.87%
2022/4/22,4.95,4.87,4.98,4.78,91.43M,0.61%
2022/4/21,4.92,5.17,5.18,4.88,157.54M,-5.02%
2022/4/20,5.18,5.36,5.37,5.16,111.39M,-3.72%
2022/4/19,5.38,5.4,5.44,5.35,87.77M,0.37%
2022/4/18,5.36,5.49,5.49,5.32,91.36M,-2.90%
2022/4/15,5.52,5.48,5.64,5.44,178.75M,0.36%
2022/4/14,5.5,5.46,5.56,5.4,127.81M,0.92%
2022/4/13,5.45,5.18,5.58,5.17,243.62M,4.61%
2022/4/12,5.21,5.13,5.21,5.01,94.20M,1.56%
2022/4/11,5.13,5.41,5.44,5.11,140.89M,-5.18%
2022/4/8,5.41,5.25,5.49,5.23,157.70M,2.85%
2022/4/7,5.26,5.32,5.33,5.25,63.76M,-1.50%
2022/4/6,5.34,5.27,5.35,5.2,88.89M,1.14%
2022/4/1,5.28,5.2,5.31,5.13,79.62M,1.34%
2022/3/31,5.21,5.31,5.32,5.18,98.49M,-1.70%
2022/3/30,5.3,5.36,5.36,5.23,88.06M,-0.56%
2022/3/29,5.33,5.3,5.39,5.27,75.74M,0.00%
2022/3/28,5.33,5.38,5.41,5.24,108.52M,-2.56%
2022/3/25,5.47,5.43,5.6,5.4,178.55M,0.55%
2022/3/24,5.44,5.31,5.5,5.29,180.46M,2.45%
2022/3/23,5.31,5.28,5.33,5.25,135.31M,1.34%
2022/3/22,5.24,5.25,5.29,5.16,120.38M,0.38%
2022/3/21,5.22,5.22,5.31,5.16,147.70M,0.97%
2022/3/18,5.17,5.1,5.2,5.06,154.56M,1.57%
2022/3/17,5.09,5.01,5.15,4.97,186.85M,3.25%
2022/3/16,4.93,4.8,4.96,4.65,217.49M,6.71%
2022/3/15,4.62,5,5.01,4.6,252.53M,-8.51%
2022/3/14,5.05,5.12,5.17,5.04,116.70M,-3.07%
2022/3/11,5.21,5.18,5.22,5.06,161.42M,-1.33%
2022/3/10,5.28,5.35,5.39,5.2,175.98M,0.57%
2022/3/9,5.25,5.4,5.4,5.01,240.81M,-3.85%
2022/3/8,5.46,5.77,5.87,5.34,270.20M,-4.71%
2022/3/7,5.73,5.86,5.95,5.68,218.74M,-0.87%
2022/3/4,5.78,5.99,6,5.76,245.04M,-3.99%
2022/3/3,6.02,5.98,6.13,5.98,312.77M,1.52%
2022/3/2,5.93,5.88,6.01,5.86,197.99M,0.17%
2022/3/1,5.92,6,6.01,5.84,217.03M,-1.50%
2022/2/28,6.01,5.77,6.05,5.77,392.96M,4.70%
2022/2/25,5.74,5.71,5.85,5.69,148.51M,0.35%
2022/2/24,5.72,5.76,5.89,5.62,172.72M,-1.38%
2022/2/23,5.8,5.79,5.81,5.72,118.57M,0.69%
2022/2/22,5.76,5.7,5.77,5.66,89.79M,0.52%
2022/2/21,5.73,5.78,5.81,5.71,85.48M,-1.21%
2022/2/18,5.8,5.74,5.81,5.71,100.17M,0.17%
2022/2/17,5.79,5.7,5.82,5.67,139.33M,1.76%
2022/2/16,5.69,5.68,5.77,5.67,78.94M,0.18%
2022/2/15,5.68,5.7,5.71,5.6,92.72M,-0.18%
2022/2/14,5.69,5.75,5.8,5.63,126.57M,-1.73%
2022/2/11,5.79,5.79,5.87,5.74,190.00M,0.00%
2022/2/10,5.79,5.65,5.87,5.65,271.99M,3.21%
2022/2/9,5.61,5.45,5.63,5.43,163.94M,3.31%
2022/2/8,5.43,5.39,5.44,5.32,99.27M,0.74%
2022/2/7,5.39,5.26,5.4,5.25,122.90M,4.26%
2022/1/28,5.17,5.23,5.26,5.02,103.91M,0.00%
2022/1/27,5.17,5.5,5.5,5.13,158.24M,-6.00%
2022/1/26,5.5,5.47,5.52,5.46,59.25M,0.73%
2022/1/25,5.46,5.61,5.66,5.46,130.95M,-3.53%
2022/1/24,5.66,5.69,5.71,5.6,88.96M,-0.53%
2022/1/21,5.69,5.62,5.7,5.59,118.96M,0.71%
2022/1/20,5.65,5.62,5.67,5.57,115.23M,1.44%
2022/1/19,5.57,5.57,5.62,5.55,85.01M,-0.18%
2022/1/18,5.58,5.56,5.63,5.52,87.92M,0.18%
2022/1/17,5.57,5.58,5.61,5.52,99.19M,-0.89%
2022/1/14,5.62,5.7,5.7,5.58,147.46M,-1.75%
2022/1/13,5.72,5.79,5.88,5.71,219.43M,-0.69%
2022/1/12,5.76,5.59,5.76,5.58,263.60M,3.78%
2022/1/11,5.55,5.57,5.6,5.52,101.78M,-0.54%
2022/1/10,5.58,5.54,5.59,5.52,87.15M,0.54%
2022/1/7,5.55,5.57,5.59,5.52,92.93M,0.00%
2022/1/6,5.55,5.51,5.57,5.51,87.43M,0.00%
2022/1/5,5.55,5.63,5.63,5.5,104.10M,-1.60%
2022/1/4,5.64,5.62,5.64,5.55,112.65M,1.08%
2021/12/31,5.58,5.55,5.6,5.53,86.26M,0.90%
2021/12/30,5.53,5.54,5.56,5.52,73.72M,0.00%
2021/12/29,5.53,5.55,5.59,5.52,87.72M,-0.72%
2021/12/28,5.57,5.55,5.61,5.52,97.07M,0.91%
2021/12/27,5.52,5.54,5.57,5.51,76.36M,-0.36%
2021/12/24,5.54,5.66,5.68,5.53,117.79M,-2.12%
2021/12/23,5.66,5.65,5.69,5.63,97.80M,0.71%
2021/12/22,5.62,5.68,5.68,5.61,94.73M,-1.06%
2021/12/21,5.68,5.6,5.69,5.59,92.22M,0.89%
2021/12/20,5.63,5.74,5.76,5.62,125.89M,-2.43%
2021/12/17,5.77,5.76,5.9,5.74,192.21M,0.87%
2021/12/16,5.72,5.61,5.73,5.6,125.67M,1.96%
2021/12/15,5.61,5.65,5.7,5.59,164.50M,-1.23%
2021/12/14,5.68,5.88,5.89,5.66,292.24M,-3.89%
2021/12/13,5.91,5.89,5.94,5.85,165.04M,0.00%
2021/12/10,5.91,5.93,5.96,5.84,159.64M,-1.01%
2021/12/9,5.97,6,6.03,5.95,175.56M,-0.17%
2021/12/8,5.98,5.94,6.01,5.89,177.88M,1.53%
2021/12/7,5.89,6.01,6.05,5.82,219.56M,-1.34%
2021/12/6,5.97,6.09,6.14,5.94,262.77M,-1.97%
2021/12/3,6.09,6.03,6.12,5.92,230.57M,1.16%
2021/12/2,6.02,6.12,6.18,5.97,218.94M,-1.31%
2021/12/1,6.1,5.89,6.16,5.86,362.45M,3.57%
2021/11/30,5.89,5.87,6.04,5.81,288.49M,1.90%
2021/11/29,5.78,5.71,5.88,5.67,265.34M,-1.87%
2021/11/26,5.89,5.85,6,5.81,239.21M,0.17%
2021/11/25,5.88,5.94,6.07,5.86,203.01M,-1.01%
2021/11/24,5.94,5.84,5.97,5.77,211.94M,1.71%
2021/11/23,5.84,5.94,5.99,5.81,201.85M,-0.68%
2021/11/22,5.88,5.7,6.02,5.7,329.47M,3.34%
2021/11/19,5.69,5.55,5.69,5.52,246.46M,2.89%
2021/11/18,5.53,5.44,5.58,5.41,182.08M,1.10%
2021/11/17,5.47,5.41,5.49,5.39,160.25M,1.11%
2021/11/16,5.41,5.56,5.56,5.38,180.89M,-2.87%
2021/11/15,5.57,5.57,5.6,5.46,127.33M,0.36%
2021/11/12,5.55,5.63,5.68,5.53,136.21M,-0.89%
2021/11/11,5.6,5.54,5.62,5.52,118.52M,0.72%
2021/11/10,5.56,5.62,5.62,5.46,147.87M,-1.42%
2021/11/9,5.64,5.69,5.69,5.59,113.46M,-0.18%
2021/11/8,5.65,5.49,5.72,5.48,229.93M,2.91%
2021/11/5,5.49,5.6,5.74,5.49,240.90M,-3.17%
2021/11/4,5.67,5.9,5.91,5.62,271.08M,-3.90%
2021/11/3,5.9,5.84,5.92,5.71,124.58M,1.03%
2021/11/2,5.84,6.01,6.02,5.73,175.29M,-2.67%
2021/11/1,6,5.99,6.09,5.95,131.72M,0.17%
2021/10/29,5.99,5.93,6.07,5.87,163.27M,0.67%
2021/10/28,5.95,6.17,6.2,5.87,258.27M,-4.80%
2021/10/27,6.25,6.38,6.44,6.21,136.85M,-2.19%
2021/10/26,6.39,6.4,6.52,6.35,142.38M,-0.62%
2021/10/25,6.43,6.27,6.43,6.18,152.82M,2.06%
2021/10/22,6.3,6.41,6.5,6.22,227.24M,-3.52%
2021/10/21,6.53,6.65,6.73,6.52,210.44M,-0.46%
2021/10/20,6.56,6.5,6.71,6.4,213.38M,-1.35%
2021/10/19,6.65,6.59,6.68,6.49,174.90M,0.15%
2021/10/18,6.64,6.5,6.68,6.45,249.43M,3.75%
2021/10/15,6.4,6.49,6.71,6.36,252.70M,-0.78%
2021/10/14,6.45,6.3,6.48,6.29,224.76M,3.04%
2021/10/13,6.26,6.25,6.31,6.2,136.51M,-1.11%
2021/10/12,6.33,6.35,6.39,6.17,209.08M,-0.31%
2021/10/11,6.35,6.13,6.41,6.07,320.55M,5.66%
2021/10/8,6.01,6.14,6.15,5.95,182.98M,-0.50%
2021/9/30,6.04,5.96,6.09,5.87,207.67M,2.37%
2021/9/29,5.9,6.19,6.19,5.76,331.24M,-5.45%
2021/9/28,6.24,6.29,6.32,6.15,210.89M,-0.16%
2021/9/27,6.25,6.77,6.8,6.14,457.76M,-8.36%
2021/9/24,6.82,7.13,7.18,6.78,313.26M,-4.35%
2021/9/23,7.13,7.26,7.29,7.04,239.00M,-0.56%
2021/9/22,7.17,7.02,7.24,6.93,280.23M,-1.51%
2021/9/17,7.28,7.5,7.69,6.98,545.60M,-4.08%
2021/9/16,7.59,7.89,8.07,7.54,492.17M,-3.68%
2021/9/15,7.88,7.88,7.96,7.6,391.86M,-0.13%
2021/9/14,7.89,8.2,8.26,7.85,660.91M,-6.85%
2021/9/13,8.47,8,8.56,7.94,1.10B,6.68%
2021/9/10,7.94,7.3,8.05,7.25,1.31B,8.47%
2021/9/9,7.32,7.05,7.36,7.01,441.74M,3.83%
2021/9/8,7.05,7.16,7.21,6.99,387.38M,-1.95%
2021/9/7,7.19,7.09,7.23,7.03,332.65M,0.98%
2021/9/6,7.12,7.11,7.21,6.75,329.95M,0.14%
2021/9/3,7.11,7.23,7.51,7.05,402.80M,-3.53%
2021/9/2,7.37,7.16,7.46,7.12,320.89M,1.24%
2021/9/1,7.28,7.75,7.83,7.04,641.76M,-6.91%
2021/8/31,7.82,7.57,7.83,7.41,414.90M,1.96%
2021/8/30,7.67,7.8,8.07,7.54,695.59M,-1.16%
2021/8/27,7.76,7.27,7.76,7.18,626.32M,5.43%
2021/8/26,7.36,7.31,7.49,7.15,540.90M,0.55%
2021/8/25,7.32,7.24,7.39,6.96,589.46M,3.10%
2021/8/24,7.1,6.8,7.24,6.71,655.39M,5.34%
2021/8/23,6.74,6.67,6.82,6.57,323.65M,1.51%
2021/8/20,6.64,6.65,6.77,6.49,355.58M,-1.48%
2021/8/19,6.74,6.9,6.9,6.49,519.58M,-3.99%
2021/8/18,7.02,6.96,7.25,6.7,470.65M,-0.57%
2021/8/17,7.06,6.86,7.3,6.83,560.33M,1.88%
2021/8/16,6.93,7.24,7.35,6.92,492.24M,-4.55%
2021/8/13,7.26,6.9,7.35,6.81,616.62M,4.01%
2021/8/12,6.98,6.8,7.1,6.68,472.87M,2.65%
2021/8/11,6.8,6.9,6.93,6.66,370.05M,-1.88%
2021/8/10,6.93,7.1,7.1,6.79,529.40M,-3.75%
2021/8/9,7.2,7.01,7.29,6.83,746.27M,3.75%
2021/8/6,6.94,6.38,6.94,6.31,708.97M,9.98%
2021/8/5,6.31,6.43,6.47,6.24,306.48M,-3.07%
2021/8/4,6.51,6.24,6.55,6.17,370.76M,5.00%
2021/8/3,6.2,6.74,6.74,6.17,555.51M,-9.49%
2021/8/2,6.85,6.81,7.03,6.59,395.55M,-0.87%
2021/7/30,6.91,6.95,7.07,6.67,314.80M,-0.58%
2021/7/29,6.95,6.7,7.04,6.57,418.18M,7.25%
2021/7/28,6.48,6.67,6.94,6.39,512.49M,-6.36%
2021/7/27,6.92,7.5,7.85,6.84,785.28M,-5.08%
2021/7/26,7.29,7.23,7.4,6.93,548.24M,3.26%
2021/7/23,7.06,7.01,7.35,6.94,463.53M,2.17%
2021/7/22,6.91,7.03,7.09,6.83,353.61M,-1.85%
2021/7/21,7.04,6.68,7.15,6.65,530.56M,5.07%
2021/7/20,6.7,6.65,6.72,6.43,368.19M,-1.62%
2021/7/19,6.81,6.66,7.03,6.61,405.52M,1.19%
2021/7/16,6.73,6.63,7.08,6.55,546.86M,0.15%
2021/7/15,6.72,6.51,6.76,6.3,419.50M,1.51%
2021/7/14,6.62,6.66,6.96,6.38,521.89M,1.07%
2021/7/13,6.55,6.82,6.82,6.4,515.61M,-5.07%
2021/7/12,6.9,6.69,7.1,6.61,614.71M,3.76%
2021/7/9,6.65,6.17,6.89,6.15,671.20M,5.72%
2021/7/8,6.29,6.1,6.45,6.06,673.68M,1.45%
2021/7/7,6.2,5.57,6.28,5.51,799.80M,8.58%
2021/7/6,5.71,5.56,5.82,5.51,598.50M,2.15%
2021/7/5,5.59,5.14,5.62,5.14,614.27M,9.39%
2021/7/2,5.11,5.08,5.17,5.04,107.85M,0.99%
2021/7/1,5.06,5.16,5.17,5.04,102.17M,-1.94%
2021/6/30,5.16,5.15,5.23,5.13,101.72M,0.39%
2021/6/29,5.14,5.28,5.3,5.12,120.56M,-2.47%
2021/6/28,5.27,5.35,5.39,5.23,154.27M,-1.68%
2021/6/25,5.36,5.17,5.44,5.17,331.08M,3.88%
2021/6/24,5.16,5.2,5.25,5.14,121.32M,-0.58%
2021/6/23,5.19,5.13,5.2,5.06,186.66M,1.37%
2021/6/22,5.12,5.1,5.16,5.08,124.66M,0.39%
2021/6/21,5.1,5.13,5.14,5.06,158.61M,-1.73%
2021/6/18,5.19,4.98,5.19,4.88,241.94M,2.77%
2021/6/17,5.05,5.05,5.1,5.04,107.52M,0.00%
2021/6/16,5.05,5.15,5.21,5.04,169.45M,-2.32%
2021/6/15,5.17,5.4,5.44,5.16,247.92M,-5.14%
2021/6/11,5.45,5.46,5.49,5.32,190.51M,0.00%
2021/6/10,5.45,5.45,5.49,5.41,124.31M,-0.18%
2021/6/9,5.46,5.44,5.51,5.42,112.67M,0.55%
2021/6/8,5.43,5.59,5.63,5.4,243.84M,-2.86%
2021/6/7,5.59,5.67,5.72,5.57,177.12M,-1.41%
2021/6/4,5.67,5.61,5.75,5.5,261.00M,-0.70%
2021/6/3,5.71,5.68,5.81,5.66,201.18M,0.35%
2021/6/2,5.69,5.73,5.82,5.68,192.64M,-1.04%
2021/6/1,5.75,5.76,5.77,5.62,220.00M,-1.03%
2021/5/31,5.81,5.75,5.87,5.71,250.28M,1.22%
2021/5/28,5.74,5.68,5.84,5.68,344.27M,2.32%
2021/5/27,5.61,5.63,5.65,5.6,182.60M,-0.71%
2021/5/26,5.65,5.65,5.68,5.58,209.73M,-0.53%
2021/5/25,5.68,5.63,5.69,5.49,221.48M,0.89%
2021/5/24,5.63,5.78,5.8,5.61,252.94M,-3.26%
2021/5/21,5.82,5.74,5.95,5.72,223.60M,1.75%
2021/5/20,5.72,5.76,5.78,5.67,299.45M,-5.14%
2021/5/19,6.03,5.91,6.1,5.83,274.68M,0.50%
2021/5/18,6,5.96,6.09,5.88,249.34M,1.18%
2021/5/17,5.93,5.74,5.96,5.7,276.02M,2.95%
2021/5/14,5.76,5.8,5.86,5.67,259.06M,-0.69%
2021/5/13,5.8,6.02,6.03,5.78,325.92M,-6.15%
2021/5/12,6.18,6.11,6.26,6.06,200.18M,0.00%
2021/5/11,6.18,6.32,6.35,6.02,415.69M,-5.36%
2021/5/10,6.53,6.37,6.54,6.23,499.53M,4.98%
2021/5/7,6.22,6.01,6.4,6.01,555.41M,4.01%
2021/5/6,5.98,6,6.07,5.82,411.61M,2.93%
2021/4/30,5.81,5.75,5.89,5.7,263.47M,0.52%
2021/4/29,5.78,5.71,5.82,5.6,261.01M,1.94%
2021/4/28,5.67,5.74,5.78,5.58,215.32M,-1.56%
2021/4/27,5.76,5.85,5.88,5.68,250.52M,-0.52%
2021/4/26,5.79,5.8,5.93,5.76,327.54M,0.35%
2021/4/23,5.77,5.61,5.79,5.58,292.83M,1.94%
2021/4/22,5.66,5.64,5.74,5.63,205.95M,1.07%
2021/4/21,5.6,5.63,5.65,5.55,150.86M,-1.58%
2021/4/20,5.69,5.71,5.75,5.65,228.68M,-1.39%
2021/4/19,5.77,5.55,5.81,5.48,389.71M,3.22%
2021/4/16,5.59,5.74,5.75,5.56,195.92M,-1.41%
2021/4/15,5.67,5.64,5.69,5.51,226.02M,0.35%
2021/4/14,5.65,5.54,5.67,5.51,226.41M,1.80%
2021/4/13,5.55,5.65,5.75,5.52,241.16M,-1.77%
2021/4/12,5.65,5.7,5.85,5.59,426.49M,1.25%
2021/4/9,5.58,5.73,5.76,5.54,220.17M,-2.45%
2021/4/8,5.72,5.57,5.82,5.52,355.82M,2.14%
2021/4/7,5.6,5.45,5.6,5.37,255.45M,2.38%
2021/4/6,5.47,5.41,5.59,5.39,253.02M,2.24%
2021/4/2,5.35,5.32,5.36,5.21,169.14M,0.75%
2021/4/1,5.31,5.28,5.36,5.28,119.54M,0.57%
2021/3/31,5.28,5.38,5.41,5.24,160.37M,-2.22%
2021/3/30,5.4,5.33,5.46,5.26,189.04M,0.56%
2021/3/29,5.37,5.43,5.44,5.32,164.06M,-0.74%
2021/3/26,5.41,5.25,5.43,5.2,232.36M,3.44%
2021/3/25,5.23,5.19,5.31,5.18,167.49M,0.77%
2021/3/24,5.19,5.29,5.41,5.16,248.34M,-3.35%
2021/3/23,5.37,5.57,5.59,5.31,259.14M,-4.11%
2021/3/22,5.6,5.56,5.63,5.43,202.88M,0.72%
2021/3/19,5.56,5.58,5.66,5.5,219.84M,-2.80%
2021/3/18,5.72,5.8,5.87,5.71,195.90M,-0.52%
2021/3/17,5.75,5.63,5.77,5.5,256.02M,0.52%
2021/3/16,5.72,5.94,5.96,5.65,318.06M,-4.03%
2021/3/15,5.96,5.91,6.1,5.87,238.67M,-0.33%
2021/3/12,5.98,6.09,6.1,5.86,330.95M,-2.76%
2021/3/11,6.15,5.82,6.15,5.76,436.72M,5.67%
2021/3/10,5.82,6.03,6.08,5.75,289.93M,-2.35%
2021/3/9,5.96,5.9,6.13,5.6,338.40M,0.85%
2021/3/8,5.91,6.13,6.23,5.89,287.02M,-2.80%
2021/3/5,6.08,6.07,6.14,5.89,352.78M,-4.55%
2021/3/4,6.37,6.6,6.61,6.3,411.97M,-6.60%
2021/3/3,6.82,6.69,6.95,6.63,350.18M,1.79%
2021/3/2,6.7,6.9,6.96,6.49,507.05M,-5.10%
2021/3/1,7.06,6.72,7.07,6.53,514.10M,5.37%
2021/2/26,6.7,6.8,6.97,6.62,576.88M,-8.22%
2021/2/25,7.3,7.75,7.77,7.2,608.48M,-0.27%
2021/2/24,7.32,7.46,8.05,7.28,725.84M,-2.01%
2021/2/23,7.47,7.35,7.84,7.28,659.09M,-1.71%
2021/2/22,7.6,7.54,7.84,7.45,964.98M,6.59%
2021/2/19,7.13,7.15,7.28,6.83,741.44M,-1.52%
2021/2/18,7.24,7.24,7.24,7.09,790.32M,10.03%
2021/2/10,6.58,6.48,6.71,6.28,380.05M,2.97%
2021/2/9,6.39,6.09,6.51,6.06,395.14M,5.10%
2021/2/8,6.08,5.75,6.15,5.62,342.81M,5.92%
2021/2/5,5.74,6.14,6.23,5.74,389.44M,-6.82%
2021/2/4,6.16,6.5,6.53,6.03,510.52M,-7.23%
2021/2/3,6.64,6.14,6.79,6.08,727.47M,7.62%
2021/2/2,6.17,6.02,6.19,5.96,365.38M,3.52%
2021/2/1,5.96,6.01,6.1,5.85,276.79M,-1.65%
2021/1/29,6.06,6.04,6.17,5.73,343.09M,2.19%
2021/1/28,5.93,6.1,6.19,5.87,396.81M,-6.91%
2021/1/27,6.37,6.3,6.47,6,397.19M,1.43%
2021/1/26,6.28,6.59,6.67,6.21,408.58M,-6.27%
2021/1/25,6.7,6.56,6.96,6.41,597.99M,2.92%
2021/1/22,6.51,6.25,6.62,6.16,551.94M,3.17%
2021/1/21,6.31,6.16,6.47,6.05,514.16M,1.77%
2021/1/20,6.2,5.9,6.27,5.9,484.38M,5.26%
2021/1/19,5.89,6.26,6.39,5.82,559.87M,-5.61%
2021/1/18,6.24,6.2,6.33,6.07,416.72M,-1.89%
2021/1/15,6.36,6.3,6.47,6.1,444.42M,1.44%
2021/1/14,6.27,6.3,6.47,6.16,493.80M,-2.64%
2021/1/13,6.44,6.87,7.04,6.3,683.71M,-6.40%
2021/1/12,6.88,6.56,7.06,6.44,607.83M,1.78%
2021/1/11,6.76,7.2,7.31,6.66,756.50M,-8.65%
2021/1/8,7.4,7.36,7.41,6.8,870.50M,0.54%
2021/1/7,7.36,6.76,7.43,6.69,998.59M,9.04%
2021/1/6,6.75,6.49,6.8,6.32,671.08M,5.97%
2021/1/5,6.37,6.35,6.48,6.12,644.76M,-2.45%
2021/1/4,6.53,6.28,6.79,6.16,765.33M,4.48%
2020/12/31,6.25,5.83,6.38,5.81,735.79M,6.66%
2020/12/30,5.86,5.86,6.02,5.63,771.10M,2.63%
2020/12/29,5.71,6.15,6.18,5.55,848.45M,-4.03%
2020/12/28,5.95,5.55,5.95,5.53,933.41M,9.98%
2020/12/25,5.41,4.87,5.41,4.82,762.04M,9.96%
2020/12/24,4.92,4.88,4.95,4.8,235.34M,0.82%
2020/12/23,4.88,4.82,5.02,4.8,368.39M,1.04%
2020/12/22,4.83,5.07,5.13,4.8,593.70M,-6.76%
2020/12/21,5.18,5.07,5.23,4.98,582.05M,2.37%
2020/12/18,5.06,5.08,5.14,4.96,643.03M,-1.17%
2020/12/17,5.12,4.63,5.12,4.61,799.55M,10.11%
2020/12/16,4.65,4.68,4.76,4.63,182.73M,-1.48%
2020/12/15,4.72,4.65,4.72,4.56,283.05M,1.72%
2020/12/14,4.64,4.4,4.7,4.35,390.06M,7.66%
2020/12/11,4.31,4.46,4.51,4.27,193.07M,-1.60%
2020/12/10,4.38,4.49,4.52,4.33,213.86M,-3.31%
2020/12/9,4.53,4.5,4.65,4.48,223.26M,0.89%
2020/12/8,4.49,4.55,4.59,4.46,148.95M,-1.54%
2020/12/7,4.56,4.66,4.71,4.56,146.74M,-2.15%
2020/12/4,4.66,4.5,4.67,4.48,180.14M,2.87%
2020/12/3,4.53,4.6,4.63,4.52,138.62M,-2.58%
2020/12/2,4.65,4.61,4.73,4.59,207.76M,0.87%
2020/12/1,4.61,4.58,4.63,4.47,173.09M,0.44%
2020/11/30,4.59,4.55,4.74,4.54,261.42M,0.44%
2020/11/27,4.57,4.57,4.62,4.44,201.53M,-0.22%
2020/11/26,4.58,4.66,4.67,4.49,236.37M,-1.08%
2020/11/25,4.63,4.86,4.89,4.63,283.40M,-4.73%
2020/11/24,4.86,4.74,4.88,4.68,324.17M,1.25%
2020/11/23,4.8,4.79,4.93,4.72,458.35M,1.48%
2020/11/20,4.73,4.52,4.75,4.47,369.71M,3.50%
2020/11/19,4.57,4.56,4.7,4.48,269.15M,0.00%
2020/11/18,4.57,4.53,4.65,4.48,316.48M,2.01%
2020/11/17,4.48,4.56,4.63,4.42,354.02M,-3.03%
2020/11/16,4.62,4.33,4.67,4.31,528.58M,6.21%
2020/11/13,4.35,4.2,4.37,4.2,302.10M,3.08%
2020/11/12,4.22,4.18,4.28,4.15,116.08M,0.48%
2020/11/11,4.2,4.22,4.27,4.19,115.74M,-0.47%
2020/11/10,4.22,4.31,4.31,4.2,173.24M,-2.76%
2020/11/9,4.34,4.29,4.39,4.22,274.22M,2.36%
2020/11/6,4.24,4.21,4.31,4.18,169.44M,0.95%
2020/11/5,4.2,4.16,4.25,4.12,158.36M,1.45%
2020/11/4,4.14,4.17,4.17,4.08,131.25M,-1.19%
2020/11/3,4.19,4.05,4.24,4.03,213.15M,3.97%
2020/11/2,4.03,3.94,4.05,3.93,116.37M,2.03%
2020/10/30,3.95,3.99,4.01,3.94,138.55M,-1.74%
2020/10/29,4.02,3.89,4.04,3.87,149.97M,2.29%
2020/10/28,3.93,3.92,3.95,3.88,61.67M,-0.25%
2020/10/27,3.94,3.85,3.95,3.85,61.18M,1.29%
2020/10/26,3.89,3.92,3.93,3.86,51.30M,-0.77%
2020/10/23,3.92,3.94,3.96,3.91,44.82M,-0.51%
2020/10/22,3.94,3.93,3.95,3.89,48.68M,-0.51%
2020/10/21,3.96,3.98,4.02,3.93,68.75M,-0.50%
2020/10/20,3.98,3.9,3.99,3.87,100.61M,1.79%
2020/10/19,3.91,3.9,3.96,3.89,55.73M,0.26%
2020/10/16,3.9,3.9,3.93,3.88,60.36M,0.26%
2020/10/15,3.89,3.89,3.93,3.88,51.66M,0.00%
2020/10/14,3.89,3.94,3.95,3.88,64.12M,-1.52%
2020/10/13,3.95,3.96,3.96,3.91,62.16M,-0.25%
2020/10/12,3.96,3.92,3.97,3.89,105.89M,2.06%
2020/10/9,3.88,3.82,3.9,3.8,106.81M,4.30%
2020/9/30,3.72,3.76,3.76,3.68,80.18M,-0.80%
2020/9/29,3.75,3.75,3.78,3.74,60.95M,0.81%
2020/9/28,3.72,3.77,3.79,3.71,62.07M,-1.06%
2020/9/25,3.76,3.83,3.84,3.72,96.29M,-1.31%
2020/9/24,3.81,3.91,3.91,3.8,112.04M,-3.30%
2020/9/23,3.94,3.96,3.98,3.93,67.79M,-1.01%
2020/9/22,3.98,4.04,4.05,3.95,123.25M,-2.21%
2020/9/21,4.07,4.13,4.14,4.05,95.20M,-0.97%
2020/9/18,4.11,4,4.12,3.99,148.91M,3.01%
2020/9/17,3.99,4.02,4.04,3.97,93.64M,-1.24%
2020/9/16,4.04,4.05,4.07,3.99,83.97M,-0.25%
2020/9/15,4.05,4.03,4.07,4.01,74.42M,0.50%
2020/9/14,4.03,3.98,4.08,3.98,89.60M,1.26%
2020/9/11,3.98,4,4.03,3.93,107.97M,-0.75%
2020/9/10,4.01,4.07,4.1,4,108.73M,-0.25%
2020/9/9,4.02,4.04,4.07,4,114.07M,-1.95%
2020/9/8,4.1,4.12,4.14,4.01,137.16M,-0.49%
2020/9/7,4.12,4.15,4.23,4.1,121.49M,-1.20%
2020/9/4,4.17,4.13,4.18,4.1,80.12M,-0.48%
2020/9/3,4.19,4.23,4.25,4.17,90.03M,-0.95%
2020/9/2,4.23,4.33,4.34,4.2,201.80M,-3.20%
2020/9/1,4.37,4.26,4.38,4.24,174.37M,2.10%
2020/8/31,4.28,4.27,4.39,4.27,205.39M,1.18%
2020/8/28,4.23,4.17,4.23,4.13,141.60M,0.95%
2020/8/27,4.19,4.17,4.2,4.1,131.32M,0.72%
2020/8/26,4.16,4.25,4.32,4.14,152.01M,-2.80%
2020/8/25,4.28,4.4,4.41,4.25,176.10M,-2.73%
2020/8/24,4.4,4.47,4.47,4.36,148.10M,-1.79%
2020/8/21,4.48,4.48,4.54,4.4,184.00M,0.00%
2020/8/20,4.48,4.55,4.61,4.46,256.83M,1.36%
2020/8/19,4.42,4.46,4.52,4.42,181.65M,-0.67%
2020/8/18,4.45,4.49,4.54,4.43,173.76M,-0.45%
2020/8/17,4.47,4.36,4.48,4.32,209.94M,2.76%
2020/8/14,4.35,4.29,4.38,4.27,108.34M,0.93%
2020/8/13,4.31,4.35,4.37,4.27,134.25M,-1.60%
2020/8/12,4.38,4.35,4.41,4.2,265.57M,-1.13%
2020/8/11,4.43,4.55,4.61,4.4,245.20M,-3.06%
2020/8/10,4.57,4.65,4.66,4.51,365.18M,-3.99%
2020/8/7,4.76,4.9,4.91,4.7,373.86M,-3.25%
2020/8/6,4.92,4.87,5.01,4.78,563.31M,1.44%
2020/8/5,4.85,4.65,4.9,4.53,596.90M,3.63%
2020/8/4,4.68,4.69,4.8,4.59,499.89M,3.08%
2020/8/3,4.54,4.43,4.55,4.36,308.38M,3.18%
2020/7/31,4.4,4.36,4.45,4.31,283.44M,-1.57%
2020/7/30,4.47,4.63,4.65,4.46,279.77M,-1.76%
2020/7/29,4.55,4.54,4.57,4.43,269.48M,0.44%
2020/7/28,4.53,4.55,4.73,4.46,467.83M,3.19%
2020/7/27,4.39,4.23,4.47,4.22,292.24M,4.03%
2020/7/24,4.22,4.42,4.42,4.18,252.07M,-4.95%
2020/7/23,4.44,4.39,4.53,4.35,232.80M,0.00%
2020/7/22,4.44,4.6,4.66,4.42,273.21M,-0.45%
2020/7/21,4.46,4.58,4.6,4.4,216.41M,-0.89%
2020/7/20,4.5,4.18,4.52,4.15,347.72M,9.22%
2020/7/17,4.12,4.12,4.2,4.05,203.91M,-0.24%
2020/7/16,4.13,4.41,4.47,4.11,318.50M,-6.35%
2020/7/15,4.41,4.78,4.82,4.33,445.19M,-6.17%
2020/7/14,4.7,4.72,4.85,4.58,562.91M,-0.42%
2020/7/13,4.72,4.4,4.72,4.39,464.42M,10.02%
2020/7/10,4.29,4.45,4.48,4.28,325.21M,-5.09%
2020/7/9,4.52,4.45,4.55,4.4,359.08M,1.80%
2020/7/8,4.44,4.3,4.48,4.23,423.18M,3.02%
2020/7/7,4.31,4.43,4.53,4.25,440.63M,-0.92%
2020/7/6,4.35,4.14,4.36,4.11,464.36M,6.88%
2020/7/3,4.07,3.92,4.25,3.91,404.76M,5.17%
2020/7/2,3.87,3.75,3.88,3.72,272.73M,3.20%
2020/7/1,3.75,3.68,3.78,3.67,153.87M,2.18%
2020/6/30,3.67,3.63,3.71,3.62,87.66M,0.27%
2020/6/29,3.66,3.69,3.73,3.63,99.10M,-1.08%
2020/6/24,3.7,3.72,3.75,3.68,114.73M,-1.07%
2020/6/23,3.74,3.78,3.8,3.71,127.10M,-1.06%
2020/6/22,3.78,3.8,3.86,3.75,169.74M,-0.26%
2020/6/19,3.79,3.8,3.85,3.76,190.26M,0.26%
2020/6/18,3.78,3.78,3.86,3.73,172.19M,0.00%
2020/6/17,3.78,3.79,3.91,3.75,294.96M,0.27%
2020/6/16,3.77,3.57,3.86,3.54,374.24M,7.10%
2020/6/15,3.52,3.57,3.59,3.5,90.32M,-1.40%
2020/6/12,3.57,3.53,3.59,3.51,90.54M,-1.11%
2020/6/11,3.61,3.65,3.71,3.59,109.27M,-0.28%
2020/6/10,3.62,3.7,3.72,3.61,103.64M,-2.69%
2020/6/9,3.72,3.72,3.77,3.67,131.07M,0.27%
2020/6/8,3.71,3.63,3.78,3.61,238.31M,2.77%
2020/6/5,3.61,3.66,3.67,3.58,138.94M,-1.90%
2020/6/4,3.68,3.52,3.71,3.49,319.56M,5.14%
2020/6/3,3.5,3.53,3.54,3.49,73.88M,-0.57%
2020/6/2,3.52,3.54,3.56,3.5,93.04M,-0.56%
2020/6/1,3.54,3.45,3.54,3.43,110.04M,3.51%
2020/5/29,3.42,3.41,3.47,3.39,69.58M,-0.29%
2020/5/28,3.43,3.39,3.44,3.38,66.34M,1.48%
2020/5/27,3.38,3.41,3.42,3.37,44.73M,-1.17%
2020/5/26,3.42,3.38,3.42,3.37,46.44M,1.48%
2020/5/25,3.37,3.42,3.45,3.35,92.09M,-1.46%
2020/5/22,3.42,3.48,3.48,3.4,74.20M,-2.01%
2020/5/21,3.49,3.54,3.55,3.48,64.92M,-1.69%
2020/5/20,3.55,3.56,3.61,3.54,90.42M,0.00%
2020/5/19,3.55,3.58,3.59,3.53,69.55M,-0.28%
2020/5/18,3.56,3.5,3.59,3.45,111.96M,2.30%
2020/5/15,3.48,3.5,3.52,3.46,61.18M,0.29%
2020/5/14,3.47,3.54,3.55,3.47,84.52M,-2.25%
2020/5/13,3.55,3.52,3.6,3.5,81.11M,0.28%
2020/5/12,3.54,3.55,3.58,3.49,77.36M,-1.12%
2020/5/11,3.58,3.65,3.66,3.57,105.32M,-1.92%
2020/5/8,3.65,3.65,3.7,3.59,137.35M,1.11%
2020/5/7,3.61,3.61,3.68,3.6,145.65M,-1.10%
2020/5/6,3.65,3.51,3.68,3.51,238.46M,4.89%
2020/4/30,3.48,3.4,3.49,3.4,101.72M,3.88%
2020/4/29,3.35,3.34,3.37,3.32,46.75M,0.00%
2020/4/28,3.35,3.42,3.43,3.27,85.82M,-2.05%
2020/4/27,3.42,3.43,3.48,3.4,58.70M,-0.29%
2020/4/24,3.43,3.46,3.49,3.42,65.42M,-1.15%
2020/4/23,3.47,3.5,3.52,3.45,66.62M,-0.29%
2020/4/22,3.48,3.44,3.5,3.42,59.10M,0.58%
2020/4/21,3.46,3.51,3.52,3.45,97.79M,-1.98%
2020/4/20,3.53,3.57,3.58,3.51,79.92M,-1.12%
2020/4/17,3.57,3.57,3.62,3.55,99.08M,0.56%
2020/4/16,3.55,3.54,3.59,3.53,80.37M,-0.56%
2020/4/15,3.57,3.62,3.62,3.56,92.79M,-1.65%
2020/4/14,3.63,3.51,3.63,3.5,134.96M,4.01%
2020/4/13,3.49,3.5,3.51,3.47,50.12M,-1.13%
2020/4/10,3.53,3.63,3.64,3.52,94.07M,-2.75%
2020/4/9,3.63,3.69,3.69,3.61,94.37M,-0.27%
2020/4/8,3.64,3.6,3.72,3.56,165.13M,0.28%
2020/4/7,3.63,3.59,3.65,3.55,139.21M,2.83%
2020/4/3,3.53,3.58,3.62,3.51,92.62M,-1.94%
2020/4/2,3.6,3.52,3.6,3.51,113.32M,1.41%
2020/4/1,3.55,3.44,3.63,3.44,182.91M,2.31%
2020/3/31,3.47,3.46,3.49,3.39,124.80M,1.17%
2020/3/30,3.43,3.41,3.46,3.38,100.23M,-1.15%
2020/3/27,3.47,3.55,3.56,3.46,101.88M,-1.14%
2020/3/26,3.51,3.58,3.58,3.51,109.08M,-2.50%
2020/3/25,3.6,3.62,3.64,3.56,140.45M,1.98%
2020/3/24,3.53,3.48,3.56,3.46,154.61M,3.52%
2020/3/23,3.41,3.47,3.5,3.39,131.99M,-4.75%
2020/3/20,3.58,3.61,3.63,3.51,108.78M,0.56%
2020/3/19,3.56,3.59,3.64,3.49,164.02M,-1.11%
2020/3/18,3.6,3.76,3.81,3.6,177.74M,-4.00%
2020/3/17,3.75,3.7,3.78,3.59,146.54M,1.63%
2020/3/16,3.69,3.87,3.88,3.67,154.48M,-4.16%
2020/3/13,3.85,3.69,3.89,3.64,189.70M,-2.04%
2020/3/12,3.93,4.01,4.06,3.9,182.79M,-3.68%
2020/3/11,4.08,4.23,4.23,4.08,178.12M,-3.32%
2020/3/10,4.22,4.07,4.24,4,237.16M,1.20%
2020/3/9,4.17,4.36,4.39,4.14,260.91M,-3.70%
2020/3/6,4.33,4.26,4.42,4.23,310.09M,0.23%
2020/3/5,4.32,4.31,4.33,4.23,212.74M,0.70%
2020/3/4,4.29,4.3,4.35,4.16,243.20M,0.47%
2020/3/3,4.27,4.26,4.41,4.23,275.40M,1.18%
2020/3/2,4.22,4.12,4.26,4.08,195.94M,3.69%
2020/2/28,4.07,4.23,4.31,4.04,292.97M,-7.08%
2020/2/27,4.38,4.4,4.47,4.32,212.19M,0.00%
2020/2/26,4.38,4.5,4.54,4.35,356.25M,-4.78%
2020/2/25,4.6,4.33,4.62,4.29,552.69M,4.31%
2020/2/24,4.41,4.53,4.54,4.26,462.61M,-4.13%
2020/2/21,4.6,4.63,4.73,4.53,428.62M,-1.71%
2020/2/20,4.68,4.78,4.82,4.59,460.44M,-1.06%
2020/2/19,4.73,4.9,4.93,4.73,748.95M,-9.90%
2020/2/18,5.25,5.33,5.42,5.17,487.25M,-2.78%
2020/2/17,5.4,5.31,5.43,5.24,530.72M,-0.37%
2020/2/14,5.42,5.11,5.52,5.05,826.78M,7.97%
2020/2/13,5.02,4.92,5.18,4.72,786.51M,6.58%
2020/2/12,4.71,4.22,4.71,4.18,463.26M,10.05%
2020/2/11,4.28,4.1,4.34,4.02,380.75M,4.90%
2020/2/10,4.08,3.83,4.12,3.81,258.73M,5.15%
2020/2/7,3.88,3.92,3.93,3.82,143.64M,-2.27%
2020/2/6,3.97,3.9,3.99,3.83,241.53M,0.00%
2020/2/5,3.97,3.86,4.15,3.8,273.34M,5.03%
2020/2/4,3.78,3.56,3.86,3.56,237.35M,1.89%
2020/2/3,3.71,3.71,3.71,3.71,51.79M,-9.95%
2020/1/23,4.12,4.23,4.38,4.06,182.48M,-4.85%
2020/1/22,4.33,4.19,4.37,4.14,158.69M,3.10%
2020/1/21,4.2,4.36,4.36,4.2,135.22M,-4.11%
2020/1/20,4.38,4.41,4.42,4.31,141.88M,-0.90%
